Id,Label,docname,itemid
0,ECLI:CE:ECHR:2007:0524JUD006558201,CASE OF RADCHIKOV v. RUSSIA,001-80627
1,ECLI:CE:ECHR:2014:0107DEC003369006,UNKNOWN (ECLI:CE:ECHR:2014:0107DEC003369006),UNKNOWN (ECLI:CE:ECHR:2014:0107DEC003369006)
2,ECLI:CE:ECHR:2003:1118DEC004875899,UNKNOWN (ECLI:CE:ECHR:2003:1118DEC004875899),UNKNOWN (ECLI:CE:ECHR:2003:1118DEC004875899)
3,ECLI:CE:ECHR:2004:0601JUD002456194,CASE OF ALTUN v. TURKEY,001-61796
4,ECLI:CE:ECHR:1996:0228DEC002900895,UNKNOWN (ECLI:CE:ECHR:1996:0228DEC002900895),UNKNOWN (ECLI:CE:ECHR:1996:0228DEC002900895)
5,ECLI:CE:ECHR:2011:0113JUD003271506,CASE OF KÜBLER v. GERMANY,001-102811
6,ECLI:CE:ECHR:2007:0628JUD006254000,CASE OF ASSOCIATION FOR EUROPEAN INTEGRATION AND HUMAN RIGHTS AND EKIMDZHIEV v. BULGARIA,001-81323
7,ECLI:CE:ECHR:1999:1216JUD002472494,CASE OF T. v. THE UNITED KINGDOM,001-58593
8,ECLI:CE:ECHR:2007:1207JUD005882200,UNKNOWN (ECLI:CE:ECHR:2007:1207JUD005882200),UNKNOWN (ECLI:CE:ECHR:2007:1207JUD005882200)
9,ECLI:CE:ECHR:2015:1204JUD004714306,CASE OF ROMAN ZAKHAROV v. RUSSIA,001-159324
10,ECLI:CE:ECHR:2009:0219JUD000233403,CASE OF KOZACIOĞLU v. TURKEY,001-91413
11,ECLI:CE:ECHR:1998:0219JUD002272993,CASE OF KAYA v. TURKEY,001-58138
12,ECLI:CE:ECHR:2019:0604DEC003047217,UNKNOWN (ECLI:CE:ECHR:2019:0604DEC003047217),UNKNOWN (ECLI:CE:ECHR:2019:0604DEC003047217)
13,ECLI:CE:ECHR:2020:0514JUD002472013,UNKNOWN (ECLI:CE:ECHR:2020:0514JUD002472013),UNKNOWN (ECLI:CE:ECHR:2020:0514JUD002472013)
14,ECLI:CE:ECHR:2000:0530DEC003184596,UNKNOWN (ECLI:CE:ECHR:2000:0530DEC003184596),UNKNOWN (ECLI:CE:ECHR:2000:0530DEC003184596)
15,ECLI:CE:ECHR:2012:0221DEC000346810,UNKNOWN (ECLI:CE:ECHR:2012:0221DEC000346810),UNKNOWN (ECLI:CE:ECHR:2012:0221DEC000346810)
16,ECLI:CE:ECHR:2020:0804JUD004481718,CASE OF KAMINSKAS v. LITHUANIA,001-203827
17,ECLI:CE:ECHR:2003:0624JUD003517997,CASE OF ALLARD v. SWEDEN,001-61164
18,ECLI:CE:ECHR:1999:0325JUD003142396,CASE OF PAPACHELAS v. GREECE,001-58291
19,ECLI:CE:ECHR:2013:1017JUD002701307,CASE OF WINTERSTEIN AND OTHERS v. FRANCE [Extracts],001-127539
20,ECLI:CE:ECHR:2006:0412JUD006573101,CASE OF STEC AND OTHERS v. THE UNITED KINGDOM,001-73198
21,ECLI:CE:ECHR:1994:1209JUD001679890,CASE OF LÓPEZ OSTRA v. SPAIN,001-57905
22,ECLI:CE:ECHR:2005:1019JUD003255596,CASE OF ROCHE v. THE UNITED KINGDOM,001-70662
23,ECLI:CE:ECHR:2002:0725JUD004855399,CASE OF SOVTRANSAVTO HOLDING v. UKRAINE,001-60634
24,ECLI:CE:ECHR:2008:1202JUD002144703,UNKNOWN (ECLI:CE:ECHR:2008:1202JUD002144703),UNKNOWN (ECLI:CE:ECHR:2008:1202JUD002144703)
25,ECLI:CE:ECHR:2003:0509JUD002724495,CASE OF TEPE v. TURKEY,001-61089
26,ECLI:CE:ECHR:1989:0707JUD001403888,CASE OF SOERING v. THE UNITED KINGDOM,001-57619
27,ECLI:CE:ECHR:1999:1214DEC004207298,UNKNOWN (ECLI:CE:ECHR:1999:1214DEC004207298),UNKNOWN (ECLI:CE:ECHR:1999:1214DEC004207298)
28,ECLI:CE:ECHR:2009:1006DEC000559107,UNKNOWN (ECLI:CE:ECHR:2009:1006DEC000559107),UNKNOWN (ECLI:CE:ECHR:2009:1006DEC000559107)
29,ECLI:CE:ECHR:2016:0913JUD007573713,CASE OF ANDREY MEDVEDEV v. RUSSIA,001-166685
30,ECLI:CE:ECHR:2015:0908DEC007411310,UNKNOWN (ECLI:CE:ECHR:2015:0908DEC007411310),UNKNOWN (ECLI:CE:ECHR:2015:0908DEC007411310)
31,ECLI:CE:ECHR:2003:1125JUD004817999,UNKNOWN (ECLI:CE:ECHR:2003:1125JUD004817999),UNKNOWN (ECLI:CE:ECHR:2003:1125JUD004817999)
32,ECLI:CE:ECHR:2005:0712JUD003622097,CASE OF OKYAY AND OTHERS  v. TURKEY,001-69672
33,ECLI:CE:ECHR:2011:0621JUD004883307,CASE OF ORLIC v. CROATIA,001-105291
34,ECLI:CE:ECHR:2008:0408JUD002115104,CASE OF MEGADAT.COM SRL v. MOLDOVA,001-85732
35,ECLI:CE:ECHR:2020:1117DEC007394411,UNKNOWN (ECLI:CE:ECHR:2020:1117DEC007394411),UNKNOWN (ECLI:CE:ECHR:2020:1117DEC007394411)
36,ECLI:CE:ECHR:2000:0627JUD003097996,CASE OF FRYDLENDER v. FRANCE,001-58762
37,ECLI:CE:ECHR:2003:0617JUD003464797,UNKNOWN (ECLI:CE:ECHR:2003:0617JUD003464797),UNKNOWN (ECLI:CE:ECHR:2003:0617JUD003464797)
38,ECLI:CE:ECHR:2000:0725JUD003398596,UNKNOWN (ECLI:CE:ECHR:2000:0725JUD003398596),UNKNOWN (ECLI:CE:ECHR:2000:0725JUD003398596)
39,ECLI:CE:ECHR:2010:0601JUD002297805,CASE OF GÄFGEN v. GERMANY,001-99015
40,ECLI:CE:ECHR:1995:1122JUD001917891,CASE OF BRYAN v. THE UNITED KINGDOM,001-57954
41,ECLI:CE:ECHR:2020:1109DEC003863617,UNKNOWN (ECLI:CE:ECHR:2020:1109DEC003863617),UNKNOWN (ECLI:CE:ECHR:2020:1109DEC003863617)
42,ECLI:CE:ECHR:2005:0609JUD005572300,CASE OF FADEYEVA v. RUSSIA,001-69315
43,ECLI:CE:ECHR:2018:0515JUD005438209,CASE OF DARSIGOVA v. RUSSIA,001-182852
44,ECLI:CE:ECHR:1991:0320JUD001557689,CASE OF CRUZ VARAS AND OTHERS v. SWEDEN,001-57674
45,ECLI:CE:ECHR:1999:0728JUD002277493,CASE OF IMMOBILIARE SAFFI v. ITALY,001-58292
46,ECLI:CE:ECHR:1986:1202REP001046583,UNKNOWN (ECLI:CE:ECHR:1986:1202REP001046583),UNKNOWN (ECLI:CE:ECHR:1986:1202REP001046583)
47,ECLI:CE:ECHR:2008:1127JUD004077402,CASE OF SOLOVEY AND ZOZULYA v. UKRAINE,001-89857
48,ECLI:CE:ECHR:2013:1212JUD003954405,CASE OF ZAGREBAČKA BANKA D.D. v. CROATIA,001-138917
49,ECLI:CE:ECHR:2014:0717JUD004784808,CASE OF CENTRE FOR LEGAL RESOURCES ON BEHALF OF VALENTIN CÂMPEANU v. ROMANIA,001-145577
50,ECLI:CE:ECHR:1998:0923JUD002475594,CASE OF McLEOD v. THE UNITED KINGDOM,001-58241
51,ECLI:CE:ECHR:2019:0521JUD001462009,CASE OF ZAYKINA v. RUSSIA,001-193078
52,ECLI:CE:ECHR:2014:0612JUD001471704,CASE OF BERGER-KRALL AND OTHERS v. SLOVENIA,001-144669
53,ECLI:CE:ECHR:1997:0925JUD002317894,CASE OF AYDIN v. TURKEY,001-58371
54,ECLI:CE:ECHR:2000:0530DEC002829295,UNKNOWN (ECLI:CE:ECHR:2000:0530DEC002829295),UNKNOWN (ECLI:CE:ECHR:2000:0530DEC002829295)
55,ECLI:CE:ECHR:2008:1113JUD003996402,CASE OF KHAYLO v. UKRAINE,001-89504
56,ECLI:CE:ECHR:2008:1014JUD007093001,CASE OF BLUMBERGA v. LATVIA,001-88957
57,ECLI:CE:ECHR:2012:1002JUD006903710,CASE OF PELIPENKO v. RUSSIA,001-113288
58,ECLI:CE:ECHR:1975:0221JUD000445170,CASE OF GOLDER v. THE UNITED KINGDOM,001-57496
59,ECLI:CE:ECHR:1996:0515DEC002831895,UNKNOWN (ECLI:CE:ECHR:1996:0515DEC002831895),UNKNOWN (ECLI:CE:ECHR:1996:0515DEC002831895)
60,ECLI:CE:ECHR:1999:0520JUD002159493,CASE OF OĞUR v. TURKEY,001-58251
61,ECLI:CE:ECHR:1998:0424JUD00231849;,UNKNOWN (ECLI:CE:ECHR:1998:0424JUD00231849;),UNKNOWN (ECLI:CE:ECHR:1998:0424JUD00231849;)
62,ECLI:CE:ECHR:2009:0917JUD001024903,CASE OF SCOPPOLA v. ITALY (No. 2),001-94135
63,ECLI:CE:ECHR:2014:0401JUD006448009,CASE OF LULI AND OTHERS v. ALBANIA,001-142305
64,ECLI:CE:ECHR:2000:0316JUD002314493,CASE OF OZGUR GUNDEM v. TURKEY,001-58508
65,ECLI:CE:ECHR:2002:0716JUD002760295,CASE OF ULKU EKINCI v. TURKEY,001-60614
66,ECLI:CE:ECHR:1990:0927JUD001084384,CASE OF COSSEY v. THE UNITED KINGDOM,001-57641
67,ECLI:CE:ECHR:2004:0408JUD007150301,CASE OF ASSANIDZE v. GEORGIA,001-61875
68,ECLI:CE:ECHR:1989:1219JUD000978382,CASE OF KAMASINSKI v. AUSTRIA,001-57614
69,ECLI:CE:ECHR:2018:1002DEC003358615,UNKNOWN (ECLI:CE:ECHR:2018:1002DEC003358615),UNKNOWN (ECLI:CE:ECHR:2018:1002DEC003358615)
70,ECLI:CE:ECHR:2011:0127JUD004183304,CASE OF YEVGENIY ALEKSEYENKO v. RUSSIA,001-103088
71,ECLI:CE:ECHR:2010:0301DEC004611399,UNKNOWN (ECLI:CE:ECHR:2010:0301DEC004611399),UNKNOWN (ECLI:CE:ECHR:2010:0301DEC004611399)
72,ECLI:CE:ECHR:2001:0710JUD002565794,CASE OF AVSAR v. TURKEY,001-59562
73,ECLI:CE:ECHR:1998:1030JUD002861695,CASE OF STYRANOWSKI v. POLAND,001-58264
74,ECLI:CE:ECHR:2018:0410DEC004392813,UNKNOWN (ECLI:CE:ECHR:2018:0410DEC004392813),UNKNOWN (ECLI:CE:ECHR:2018:0410DEC004392813)
75,ECLI:CE:ECHR:2006:1109JUD000761502,CASE OF IMAKAYEVA v. RUSSIA,001-77932
76,ECLI:CE:ECHR:2016:0329JUD001689913,CASE OF KOCHEROV AND SERGEYEVA v. RUSSIA,001-161760
77,ECLI:CE:ECHR:2004:0928JUD004491298,CASE OF KOPECKÝ v. SLOVAKIA,001-66758
78,ECLI:CE:ECHR:2007:0111JUD00730490;,UNKNOWN (ECLI:CE:ECHR:2007:0111JUD00730490;),UNKNOWN (ECLI:CE:ECHR:2007:0111JUD00730490;)
79,ECLI:CE:ECHR:2001:0412JUD004135498,CASE OF ARVELAKIS v. GREECE,001-59404
80,ECLI:CE:ECHR:2006:0330DEC001834902,UNKNOWN (ECLI:CE:ECHR:2006:0330DEC001834902),UNKNOWN (ECLI:CE:ECHR:2006:0330DEC001834902)
81,ECLI:CE:ECHR:2000:1221JUD003349296,CASE OF JABLONSKI v. POLAND,001-59096
82,ECLI:CE:ECHR:2007:1113JUD005732500,CASE OF D.H. AND OTHERS v. THE CZECH REPUBLIC,001-83256
83,ECLI:CE:ECHR:2006:1123JUD007305301,CASE OF JUSSILA v. FINLAND,001-78135
84,ECLI:CE:ECHR:2012:0322JUD003007806,CASE OF KONSTANTIN MARKIN v. RUSSIA ,001-109868
85,ECLI:CE:ECHR:2013:0422JUD004887608,CASE OF ANIMAL DEFENDERS INTERNATIONAL v. THE UNITED KINGDOM,001-119244
86,ECLI:CE:ECHR:2001:0712JUD004252798,CASE OF PRINCE HANS-ADAM II OF LIECHTENSTEIN v. GERMANY,001-59591
87,ECLI:CE:ECHR:2013:0514DEC001518910,UNKNOWN (ECLI:CE:ECHR:2013:0514DEC001518910),UNKNOWN (ECLI:CE:ECHR:2013:0514DEC001518910)
88,ECLI:CE:ECHR:2005:0607JUD007118601,CASE OF FUKLEV v. UKRAINE,001-69261
89,ECLI:CE:ECHR:2001:0503JUD003182796,CASE OF J.B. v. SWITZERLAND,001-59449
90,ECLI:CE:ECHR:1994:1125JUD001813191,CASE OF STJERNA v. FINLAND,001-57912
91,ECLI:CE:ECHR:2011:0726JUD005822209,CASE OF JURIČIĆ v. CROATIA,001-105754
92,ECLI:CE:ECHR:1991:0827JUD001275087,CASE OF PHILIS v. GREECE,001-57681
93,ECLI:CE:ECHR:2016:0426JUD001051110,CASE OF MURRAY v. THE NETHERLANDS,001-162614
94,ECLI:CE:ECHR:2017:0117JUD005821612,CASE OF J. AND OTHERS v. AUSTRIA,001-170388
95,ECLI:CE:ECHR:1998:0327JUD002045892,CASE OF PETROVIC v. AUSTRIA,001-58146
96,ECLI:CE:ECHR:2008:0708JUD000141103,CASE OF TURGUT AND OTHERS v. TURKEY,001-87441
97,ECLI:CE:ECHR:2009:0915JUD001037305,CASE OF MOSKAL v. POLAND,001-94009
98,ECLI:CE:ECHR:2005:1124JUD004942999,CASE OF CAPITAL BANK AD v. BULGARIA,001-71299
99,ECLI:CE:ECHR:2010:1202JUD003085603,CASE OF KRYVITSKA AND KRYVITSKYY v. UKRAINE,001-101978
100,ECLI:CE:ECHR:2017:0314DEC005864714,UNKNOWN (ECLI:CE:ECHR:2017:0314DEC005864714),UNKNOWN (ECLI:CE:ECHR:2017:0314DEC005864714)
101,ECLI:CE:ECHR:2010:0211JUD003146508,CASE OF RAZA v. BULGARIA,001-97292
102,ECLI:CE:ECHR:1999:0928JUD002247993,CASE OF ÖZTÜRK v. TURKEY,001-58305
103,ECLI:CE:ECHR:2008:1204JUD003056204,CASE OF S. AND MARPER v. THE UNITED KINGDOM,001-90051
104,ECLI:CE:ECHR:1998:0219JUD002610295,CASE OF DALIA v. FRANCE,001-58130
105,ECLI:CE:ECHR:2014:0710JUD000392510,CASE OF LEMO AND OTHERS v. CROATIA,001-145359
106,ECLI:CE:ECHR:2000:0627JUD002227793,CASE OF ILHAN v. TURKEY,001-58734
107,ECLI:CE:ECHR:1988:0427JUD000965982,CASE OF BOYLE AND RICE v. THE UNITED KINGDOM,001-57446
108,ECLI:CE:ECHR:2008:1114JUD003448905,CASE OF LITVINOVA v. RUSSIA,001-89585
109,ECLI:CE:ECHR:2012:1106JUD004926810,CASE OF LONGIN v. CROATIA,001-114247
110,ECLI:CE:ECHR:2015:1022JUD004288311,CASE OF KHALIKOVA v. AZERBAIJAN,001-157964
111,ECLI:CE:ECHR:2001:0123JUD002834295,UNKNOWN (ECLI:CE:ECHR:2001:0123JUD002834295),UNKNOWN (ECLI:CE:ECHR:2001:0123JUD002834295)
112,ECLI:CE:ECHR:2002:1024JUD003673297,UNKNOWN (ECLI:CE:ECHR:2002:1024JUD003673297),UNKNOWN (ECLI:CE:ECHR:2002:1024JUD003673297)
113,ECLI:CE:ECHR:1998:0923JUD002138093,CASE OF DEMİR AND OTHERS v. TURKEY,001-58230
114,ECLI:CE:ECHR:2005:0203JUD000257702,UNKNOWN (ECLI:CE:ECHR:2005:0203JUD000257702),UNKNOWN (ECLI:CE:ECHR:2005:0203JUD000257702)
115,ECLI:CE:ECHR:2007:1206JUD003065805,CASE OF BEIAN v. ROMANIA [Extracts],001-83822
116,ECLI:CE:ECHR:2002:0924JUD004229598,CASE OF NERVA AND OTHERS v. THE UNITED KINGDOM,001-60645
117,ECLI:CE:ECHR:2007:0726JUD005552300,CASE OF ANGELOVA AND ILIEV v. BULGARIA,001-81906
118,ECLI:CE:ECHR:1989:1024JUD001007382,CASE OF H. v. FRANCE,001-57502
119,ECLI:CE:ECHR:2000:0406JUD003538297,CASE OF COMINGERSOLL S.A. v. PORTUGAL,001-58562
120,ECLI:CE:ECHR:2011:0719JUD004359004,CASE OF STOYCHEVA v. BULGARIA,001-105712
121,ECLI:CE:ECHR:2003:0902DEC003621197,UNKNOWN (ECLI:CE:ECHR:2003:0902DEC003621197),UNKNOWN (ECLI:CE:ECHR:2003:0902DEC003621197)
122,ECLI:CE:ECHR:2002:1010JUD003871997,CASE OF D.P. & J.C. v. THE UNITED KINGDOM,001-60673
123,ECLI:CE:ECHR:2005:1129JUD003703897,CASE OF NURİ KURT v. TURKEY,001-71341
124,ECLI:CE:ECHR:2000:1221JUD002666295,UNKNOWN (ECLI:CE:ECHR:2000:1221JUD002666295),UNKNOWN (ECLI:CE:ECHR:2000:1221JUD002666295)
125,ECLI:CE:ECHR:1994:0222JUD001295487,CASE OF RAIMONDO v. ITALY,001-57870
126,ECLI:CE:ECHR:2001:0522JUD003359296,CASE OF BAUMANN v. FRANCE,001-59470
127,ECLI:CE:ECHR:2013:0606JUD003845005,CASE OF SABANCHIYEVA AND OTHERS v. RUSSIA,001-120070
128,ECLI:CE:ECHR:2003:1113JUD002314593,CASE OF ELÇI AND OTHERS v. TURKEY,001-61442
129,ECLI:CE:ECHR:2017:0314DEC004114811,UNKNOWN (ECLI:CE:ECHR:2017:0314DEC004114811),UNKNOWN (ECLI:CE:ECHR:2017:0314DEC004114811)
130,ECLI:CE:ECHR:2000:0406JUD003436997,CASE OF THLIMMENOS v. GREECE,001-58561
131,ECLI:CE:ECHR:2013:1003JUD004672611,CASE OF ZRILIĆ v. CROATIA,001-126551
132,ECLI:CE:ECHR:2006:1019JUD003649602,CASE OF KESYAN v. RUSSIA,001-77578
133,ECLI:CE:ECHR:2007:0111JUD007304901,CASE OF ANHEUSER-BUSCH INC. v. PORTUGAL,001-78981
134,ECLI:CE:ECHR:1983:0224JUD000752576,CASE OF DUDGEON v. THE UNITED KINGDOM (ARTICLE 50),001-57472
135,ECLI:CE:ECHR:2005:0222JUD004714899,CASE OF NOVOSELETSKIY v. UKRAINE [Extracts],001-68373
136,ECLI:CE:ECHR:2006:0202JUD003324096,CASE OF AĞTAŞ v. TURKEY,001-72238
137,ECLI:CE:ECHR:2009:0414DEC002753707,UNKNOWN (ECLI:CE:ECHR:2009:0414DEC002753707),UNKNOWN (ECLI:CE:ECHR:2009:0414DEC002753707)
138,ECLI:CE:ECHR:2008:0424JUD000136507,CASE OF C.G. AND OTHERS v. BULGARIA,001-86093
139,ECLI:CE:ECHR:2003:1009JUD004832199,CASE OF SLIVENKO v. LATVIA,001-61334
140,ECLI:CE:ECHR:2003:0109JUD004533099,CASE OF S.L. v. AUSTRIA,001-60877
141,ECLI:CE:ECHR:1978:0208DEC000745676,UNKNOWN (ECLI:CE:ECHR:1978:0208DEC000745676),UNKNOWN (ECLI:CE:ECHR:1978:0208DEC000745676)
142,ECLI:CE:ECHR:2003:0902DEC003324096,UNKNOWN (ECLI:CE:ECHR:2003:0902DEC003324096),UNKNOWN (ECLI:CE:ECHR:2003:0902DEC003324096)
143,ECLI:CE:ECHR:2004:0622JUD003144396,CASE OF BRONIOWSKI v. POLAND,001-61828
144,ECLI:CE:ECHR:1991:1212JUD001189485,CASE OF TOTH v. AUSTRIA,001-57710
145,ECLI:CE:ECHR:2009:1022JUD002533306,CASE OF EUROPAPRESS HOLDING D.O.O. v. CROATIA,001-95329
146,ECLI:CE:ECHR:2010:0128JUD002184608,CASE OF PAVIC v. CROATIA,001-97004
147,ECLI:CE:ECHR:2001:0510JUD002939295,CASE OF Z AND OTHERS v. THE UNITED KINGDOM,001-59455
148,ECLI:CE:ECHR:2017:1214JUD001995707,CASE OF DAKUS v. UKRAINE,001-179427
149,ECLI:CE:ECHR:1999:0121JUD002918395,CASE OF FRESSOZ AND ROIRE v. FRANCE,001-58906
150,ECLI:CE:ECHR:2000:1214JUD002267693,CASE OF GÜL v. TURKEY,001-59081
151,ECLI:CE:ECHR:2003:0724JUD004001698,CASE OF KARNER v. AUSTRIA,001-61263
152,ECLI:CE:ECHR:1987:1028JUD000869579,CASE OF INZE v. AUSTRIA,001-57505
153,ECLI:CE:ECHR:2011:0707JUD003922903,CASE OF FYODOROV AND FYODOROVA v. UKRAINE,001-105478
154,ECLI:CE:ECHR:2000:0919DEC003332596,UNKNOWN (ECLI:CE:ECHR:2000:0919DEC003332596),UNKNOWN (ECLI:CE:ECHR:2000:0919DEC003332596)
155,ECLI:CE:ECHR:2015:0512DEC003895113,UNKNOWN (ECLI:CE:ECHR:2015:0512DEC003895113),UNKNOWN (ECLI:CE:ECHR:2015:0512DEC003895113)
156,ECLI:CE:ECHR:1995:1204JUD002380594,CASE OF BELLET v. FRANCE,001-57952
157,ECLI:CE:ECHR:2014:1216DEC000353713,UNKNOWN (ECLI:CE:ECHR:2014:1216DEC000353713),UNKNOWN (ECLI:CE:ECHR:2014:1216DEC000353713)
158,ECLI:CE:ECHR:2002:0221JUD002342394,CASE OF MATYAR v. TURKEY,001-60156
159,ECLI:CE:ECHR:1996:1115JUD002241493,CASE OF CHAHAL v. THE UNITED KINGDOM,001-58004
160,ECLI:CE:ECHR:2001:1016JUD003755597,CASE OF O'HARA v. THE UNITED KINGDOM,001-59721
161,ECLI:CE:ECHR:2009:1015JUD004045004,CASE OF YURIY NIKOLAYEVICH IVANOV v. UKRAINE,001-95032
162,ECLI:CE:ECHR:2007:1113JUD003377102,CASE OF DRIZA v. ALBANIA,001-83245
163,ECLI:CE:ECHR:2015:0129JUD001571113,CASE OF STOLYAROVA v. RUSSIA,001-150675
164,ECLI:CE:ECHR:2016:0322DEC007493612,UNKNOWN (ECLI:CE:ECHR:2016:0322DEC007493612),UNKNOWN (ECLI:CE:ECHR:2016:0322DEC007493612)
165,ECLI:CE:ECHR:2005:0324JUD004462698,CASE OF KIURKCHIAN v. BULGARIA,001-68603
166,ECLI:CE:ECHR:2005:0929JUD002514903,UNKNOWN (ECLI:CE:ECHR:2005:0929JUD002514903),UNKNOWN (ECLI:CE:ECHR:2005:0929JUD002514903)
167,ECLI:CE:ECHR:1999:1028JUD002834295,CASE OF BRUMARESCU v. ROMANIA,001-58337
168,ECLI:CE:ECHR:2014:0513DEC007494610,UNKNOWN (ECLI:CE:ECHR:2014:0513DEC007494610),UNKNOWN (ECLI:CE:ECHR:2014:0513DEC007494610)
169,ECLI:CE:ECHR:2000:0208JUD002587894,CASE OF MICHAEL EDWARD COOKE v. AUSTRIA,001-58460
170,ECLI:CE:ECHR:2011:0308JUD001273905,CASE OF GORANOVA-KARAENEVA v. BULGARIA,001-103769
171,ECLI:CE:ECHR:2002:0618DEC004875799,UNKNOWN (ECLI:CE:ECHR:2002:0618DEC004875799),UNKNOWN (ECLI:CE:ECHR:2002:0618DEC004875799)
172,ECLI:CE:ECHR:2006:1109DEC000845903,UNKNOWN (ECLI:CE:ECHR:2006:1109DEC000845903),UNKNOWN (ECLI:CE:ECHR:2006:1109DEC000845903)
173,ECLI:CE:ECHR:2004:0217JUD003974898,CASE OF MAESTRI v. ITALY,001-61638
174,ECLI:CE:ECHR:2002:1126JUD003189096,UNKNOWN (ECLI:CE:ECHR:2002:1126JUD003189096),UNKNOWN (ECLI:CE:ECHR:2002:1126JUD003189096)
175,ECLI:CE:ECHR:2011:0621DEC004255008,UNKNOWN (ECLI:CE:ECHR:2011:0621DEC004255008),UNKNOWN (ECLI:CE:ECHR:2011:0621DEC004255008)
176,ECLI:CE:ECHR:2003:0422JUD002829295,UNKNOWN (ECLI:CE:ECHR:2003:0422JUD002829295),UNKNOWN (ECLI:CE:ECHR:2003:0422JUD002829295)
177,ECLI:CE:ECHR:2004:1116JUD000414302,CASE OF MORENO GÓMEZ v. SPAIN,001-67478
178,ECLI:CE:ECHR:2004:0304JUD007513901,CASE OF PIBERNIK v. CROATIA,001-61653
179,ECLI:CE:ECHR:2017:0330JUD003558908,CASE OF NAGMETOV v. RUSSIA,001-172440
180,ECLI:CE:ECHR:2007:0220DEC003586503,UNKNOWN (ECLI:CE:ECHR:2007:0220DEC003586503),UNKNOWN (ECLI:CE:ECHR:2007:0220DEC003586503)
181,ECLI:CE:ECHR:1996:0916JUD001737190,CASE OF GAYGUSUZ v. AUSTRIA,001-58060
182,ECLI:CE:ECHR:2013:0305DEC005438809,UNKNOWN (ECLI:CE:ECHR:2013:0305DEC005438809),UNKNOWN (ECLI:CE:ECHR:2013:0305DEC005438809)
183,ECLI:CE:ECHR:2016:1117JUD004772407,CASE OF PCHELINTSEVA AND OTHERS v. RUSSIA,001-168701
184,ECLI:CE:ECHR:2001:0510JUD002578194,CASE OF CYPRUS v. TURKEY,001-59454
185,ECLI:CE:ECHR:1978:0906JUD000502971,CASE OF KLASS AND OTHERS v. GERMANY,001-57510
186,ECLI:CE:ECHR:2019:0305DEC004235313,UNKNOWN (ECLI:CE:ECHR:2019:0305DEC004235313),UNKNOWN (ECLI:CE:ECHR:2019:0305DEC004235313)
187,ECLI:CE:ECHR:2008:0122JUD004354602,CASE OF E.B. v. FRANCE,001-84571
188,ECLI:CE:ECHR:2000:0530DEC003189096,UNKNOWN (ECLI:CE:ECHR:2000:0530DEC003189096),UNKNOWN (ECLI:CE:ECHR:2000:0530DEC003189096)
189,ECLI:CE:ECHR:1987:0326JUD000924881,CASE OF LEANDER v. SWEDEN,001-57519
190,ECLI:CE:ECHR:2016:0712JUD004377713,CASE OF VRZIĆ v. CROATIA,001-164681
191,ECLI:CE:ECHR:2003:0506JUD003934398,CASE OF KLEYN AND OTHERS v. THE NETHERLANDS,001-61077
192,ECLI:CE:ECHR:2000:1026JUD003021096,CASE OF KUDLA v. POLAND,001-58920
193,ECLI:CE:ECHR:2004:1005DEC003621897,UNKNOWN (ECLI:CE:ECHR:2004:1005DEC003621897),UNKNOWN (ECLI:CE:ECHR:2004:1005DEC003621897)
194,ECLI:CE:ECHR:2015:1020JUD000798406,CASE OF SAGHATELYAN v. ARMENIA,001-158191
195,ECLI:CE:ECHR:2001:0710JUD003339496,CASE OF PRICE v. THE UNITED KINGDOM,001-59565
196,ECLI:CE:ECHR:2010:1221JUD004169607,UNKNOWN (ECLI:CE:ECHR:2010:1221JUD004169607),UNKNOWN (ECLI:CE:ECHR:2010:1221JUD004169607)
197,ECLI:CE:ECHR:2010:0323JUD000907407,CASE OF MULLAI AND OTHERS v. ALBANIA,001-97882
198,ECLI:CE:ECHR:2002:0620JUD005096399,CASE OF AL-NASHIF v. BULGARIA,001-60522
199,ECLI:CE:ECHR:2017:0613DEC005993510,UNKNOWN (ECLI:CE:ECHR:2017:0613DEC005993510),UNKNOWN (ECLI:CE:ECHR:2017:0613DEC005993510)
200,ECLI:CE:ECHR:1994:0923JUD001982392,CASE OF HOKKANEN v. FINLAND,001-57911
201,ECLI:CE:ECHR:2009:1201JUD004469806,CASE OF VINCIC AND OTHERS v. SERBIA,001-95959
202,ECLI:CE:ECHR:2018:0712JUD006485511,CASE OF MATELJAN v. CROATIA,001-184476
203,ECLI:CE:ECHR:2017:0725JUD006982010,CASE OF SHVIDKIYE v. RUSSIA,001-175669
204,ECLI:CE:ECHR:2005:1011JUD003745197,CASE OF N.A. AND OTHERS  v. TURKEY,001-70562
205,ECLI:CE:ECHR:2002:1017JUD002726595,UNKNOWN (ECLI:CE:ECHR:2002:1017JUD002726595),UNKNOWN (ECLI:CE:ECHR:2002:1017JUD002726595)
206,ECLI:CE:ECHR:2010:1130JUD000266003,CASE OF HAJDUOVÁ v. SLOVAKIA,001-101945
207,ECLI:CE:ECHR:2012:0918JUD004006008,CASE OF BUCKLAND v. THE UNITED KINGDOM,001-113129
208,ECLI:CE:ECHR:1996:1218JUD002198793,CASE OF AKSOY v. TURKEY,001-58003
209,ECLI:CE:ECHR:2000:0713JUD003922198,CASE OF SCOZZARI AND GIUNTA v. ITALY,001-58752
210,ECLI:CE:ECHR:2013:1031JUD002268809,CASE OF JAĆIMOVIĆ v. CROATIA,001-127408
211,ECLI:CE:ECHR:2003:1127DEC006290200,UNKNOWN (ECLI:CE:ECHR:2003:1127DEC006290200),UNKNOWN (ECLI:CE:ECHR:2003:1127DEC006290200)
212,ECLI:CE:ECHR:2013:0718JUD005642209,CASE OF SCHÄDLER-EBERLE v. LIECHTENSTEIN,001-122429
213,ECLI:CE:ECHR:1996:1218JUD001531889,CASE OF LOIZIDOU v. TURKEY,001-58007
214,ECLI:CE:ECHR:2005:1006JUD006397300,CASE OF ANDROSOV v. RUSSIA,001-70467
215,ECLI:CE:ECHR:1982:0923JUD000715175,CASE OF SPORRONG AND LÖNNROTH v. SWEDEN,001-57580
216,ECLI:CE:ECHR:1976:1207JUD000549372,CASE OF HANDYSIDE v. THE UNITED KINGDOM,001-57499
217,ECLI:CE:ECHR:2009:1027JUD001609190,CASE OF OLYMBIOU v. TURKEY,001-95300
218,ECLI:CE:ECHR:2010:0527JUD001815605,CASE OF TCHITCHINADZE v. GEORGIA,001-98923
219,ECLI:CE:ECHR:2017:0302JUD004123714,CASE OF TALPIS v. ITALY,001-171994
220,ECLI:CE:ECHR:1997:1128JUD002318694,CASE OF MENTEŞ AND OTHERS v. TURKEY,001-58120
221,ECLI:CE:ECHR:2009:1217JUD003633703,UNKNOWN (ECLI:CE:ECHR:2009:1217JUD003633703),UNKNOWN (ECLI:CE:ECHR:2009:1217JUD003633703)
222,ECLI:CE:ECHR:1976:1207JUD000509571,"CASE OF KJELDSEN, BUSK MADSEN AND PEDERSEN v. DENMARK",001-57509
223,ECLI:CE:ECHR:2015:1020DEC000740706,UNKNOWN (ECLI:CE:ECHR:2015:1020DEC000740706),UNKNOWN (ECLI:CE:ECHR:2015:1020DEC000740706)
224,ECLI:CE:ECHR:1968:0723JUD000147462,"CASE ""RELATING TO CERTAIN ASPECTS OF THE LAWS ON THE USE OF LANGUAGES IN EDUCATION IN BELGIUM"" (MERITS)",001-57525
225,ECLI:CE:ECHR:2016:0920DEC006308114,UNKNOWN (ECLI:CE:ECHR:2016:0920DEC006308114),UNKNOWN (ECLI:CE:ECHR:2016:0920DEC006308114)
226,ECLI:CE:ECHR:2015:0115JUD006336209,CASE OF RUMMI v. ESTONIA,001-150306
227,ECLI:CE:ECHR:2014:0325JUD001715311,UNKNOWN (ECLI:CE:ECHR:2014:0325JUD001715311),UNKNOWN (ECLI:CE:ECHR:2014:0325JUD001715311)
228,ECLI:CE:ECHR:2002:0314JUD004647799,CASE OF PAUL AND AUDREY EDWARDS v. THE UNITED KINGDOM,001-60323
229,ECLI:CE:ECHR:2010:0527JUD000651804,CASE OF DOKIĆ v. BOSNIA AND HERZEGOVINA,001-98692
230,ECLI:CE:ECHR:1998:0902JUD002249593,CASE OF YAŞA v. TURKEY,001-58238
231,ECLI:CE:ECHR:2003:0527JUD005034299,UNKNOWN (ECLI:CE:ECHR:2003:0527JUD005034299),UNKNOWN (ECLI:CE:ECHR:2003:0527JUD005034299)
232,ECLI:CE:ECHR:2020:0616JUD006739417,CASE OF ALIVERDIYEV v. RUSSIA,001-202989
233,ECLI:CE:ECHR:2013:0718JUD000717710,CASE OF BREŽEC v. CROATIA,001-122432
234,ECLI:CE:ECHR:2003:0902DEC003323996,UNKNOWN (ECLI:CE:ECHR:2003:0902DEC003323996),UNKNOWN (ECLI:CE:ECHR:2003:0902DEC003323996)
235,ECLI:CE:ECHR:2002:0514JUD002287693,CASE OF SEMSI ONEN v. TURKEY,001-60451
236,ECLI:CE:ECHR:1994:0526JUD001696990,CASE OF KEEGAN v. IRELAND,001-57881
237,ECLI:CE:ECHR:1997:1219JUD002673795,CASE OF BRUALLA GÓMEZ DE LA TORRE v. SPAIN,001-58127
238,ECLI:CE:ECHR:2003:0506JUD002630795,UNKNOWN (ECLI:CE:ECHR:2003:0506JUD002630795),UNKNOWN (ECLI:CE:ECHR:2003:0506JUD002630795)
239,ECLI:CE:ECHR:2020:0130JUD003574611,CASE OF SARIBEKYAN AND BALYAN v. AZERBAIJAN,001-200439
240,ECLI:CE:ECHR:2017:0413JUD006635714,CASE OF PODESCHI v. SAN MARINO,001-172665
241,ECLI:CE:ECHR:1996:1127DEC002802795,UNKNOWN (ECLI:CE:ECHR:1996:1127DEC002802795),UNKNOWN (ECLI:CE:ECHR:1996:1127DEC002802795)
242,ECLI:CE:ECHR:2009:0707JUD002227904,CASE OF PLECHANOW v. POLAND,001-93302
243,ECLI:CE:ECHR:1999:0218JUD002608394,CASE OF WAITE AND KENNEDY v. GERMANY,001-58912
244,ECLI:CE:ECHR:2013:0716JUD006138209,CASE OF B. v. THE REPUBLIC OF MOLDOVA,001-122372
245,ECLI:CE:ECHR:2001:0130JUD002980096,UNKNOWN (ECLI:CE:ECHR:2001:0130JUD002980096),UNKNOWN (ECLI:CE:ECHR:2001:0130JUD002980096)
246,ECLI:CE:ECHR:2004:1118JUD005825500,CASE OF PROKOPOVICH v. RUSSIA,001-67538
247,ECLI:CE:ECHR:2010:1102DEC003758606,UNKNOWN (ECLI:CE:ECHR:2010:1102DEC003758606),UNKNOWN (ECLI:CE:ECHR:2010:1102DEC003758606)
248,ECLI:CE:ECHR:2011:1025JUD000203304,CASE OF VALKOV AND OTHERS v. BULGARIA,001-107157
249,ECLI:CE:ECHR:2001:1108JUD004362698,CASE OF LAUMONT v. FRANCE,001-59873
250,ECLI:CE:ECHR:2016:1013JUD000187005,CASE OF IRINA SMIRNOVA v. UKRAINE,001-167118
251,ECLI:CE:ECHR:2015:0127JUD003692510,CASE OF NESHKOV AND OTHERS v. BULGARIA,001-150771
252,ECLI:CE:ECHR:2005:1206JUD001996004,CASE OF POPOV v. MOLDOVA (No. 2),001-71507
253,ECLI:CE:ECHR:2008:0703JUD004819199,UNKNOWN (ECLI:CE:ECHR:2008:0703JUD004819199),UNKNOWN (ECLI:CE:ECHR:2008:0703JUD004819199)
254,ECLI:CE:ECHR:2009:1020DEC000546907,UNKNOWN (ECLI:CE:ECHR:2009:1020DEC000546907),UNKNOWN (ECLI:CE:ECHR:2009:1020DEC000546907)
255,ECLI:CE:ECHR:2013:0604DEC005116610,UNKNOWN (ECLI:CE:ECHR:2013:0604DEC005116610),UNKNOWN (ECLI:CE:ECHR:2013:0604DEC005116610)
256,ECLI:CE:ECHR:2012:1019JUD004337004,CASE OF CATAN AND OTHERS v. THE REPUBLIC OF MOLDOVA AND RUSSIA,001-114082
257,ECLI:CE:ECHR:2020:1215JUD002977514,CASE OF LUSHKIN AND OTHERS v. RUSSIA,001-206503
258,ECLI:CE:ECHR:2009:1013JUD003650005,CASE OF SALONTAJI-DROBNJAK v. SERBIA,001-94985
259,ECLI:CE:ECHR:2000:0919DEC003332496,UNKNOWN (ECLI:CE:ECHR:2000:0919DEC003332496),UNKNOWN (ECLI:CE:ECHR:2000:0919DEC003332496)
260,ECLI:CE:ECHR:1998:0219JUD001697090,CASE OF ALLAN JACOBSSON v. SWEDEN (No. 2),001-58133
261,ECLI:CE:ECHR:1996:0625JUD001977692,CASE OF AMUUR v. FRANCE,001-57988
262,ECLI:CE:ECHR:2003:0213JUD004015398,CASE OF ÇETİN AND OTHERS v. TURKEY [Extracts],001-60940
263,ECLI:CE:ECHR:2004:0325DEC002407702,UNKNOWN (ECLI:CE:ECHR:2004:0325DEC002407702),UNKNOWN (ECLI:CE:ECHR:2004:0325DEC002407702)
264,ECLI:CE:ECHR:1994:1028JUD001431088,CASE OF MURRAY v. THE UNITED KINGDOM,001-57895
265,ECLI:CE:ECHR:1979:1024JUD000630173,CASE OF WINTERWERP v. THE NETHERLANDS,001-57597
266,ECLI:CE:ECHR:2012:0529DEC001948809,UNKNOWN (ECLI:CE:ECHR:2012:0529DEC001948809),UNKNOWN (ECLI:CE:ECHR:2012:0529DEC001948809)
267,ECLI:CE:ECHR:2007:0118JUD002088703,CASE OF KOT v. RUSSIA,001-79134
268,ECLI:CE:ECHR:2006:1221JUD000905602,CASE OF RADANOVIC v. CROATIA,001-78798
269,ECLI:CE:ECHR:2010:0302DEC004148604,UNKNOWN (ECLI:CE:ECHR:2010:0302DEC004148604),UNKNOWN (ECLI:CE:ECHR:2010:0302DEC004148604)
270,ECLI:CE:ECHR:2009:0303JUD002320407,UNKNOWN (ECLI:CE:ECHR:2009:0303JUD002320407),UNKNOWN (ECLI:CE:ECHR:2009:0303JUD002320407)
271,ECLI:CE:ECHR:2014:0218DEC006022309,UNKNOWN (ECLI:CE:ECHR:2014:0218DEC006022309),UNKNOWN (ECLI:CE:ECHR:2014:0218DEC006022309)
272,ECLI:CE:ECHR:1999:0218JUD002951595,CASE OF LARKOS v. CYPRUS,001-58914
273,ECLI:CE:ECHR:2018:0320JUD003768510,CASE OF RADOMILJA AND OTHERS v. CROATIA,001-181591
274,ECLI:CE:ECHR:2015:0127DEC003214811,UNKNOWN (ECLI:CE:ECHR:2015:0127DEC003214811),UNKNOWN (ECLI:CE:ECHR:2015:0127DEC003214811)
275,ECLI:CE:ECHR:1979:0613JUD000683374,CASE OF MARCKX v. BELGIUM,001-57534
276,ECLI:CE:ECHR:2009:0611JUD003529804,CASE OF TRGO v. CROATIA,001-92999
277,ECLI:CE:ECHR:1997:1216JUD002542094,CASE OF TEJEDOR GARCÍA v. SPAIN,001-58122
278,ECLI:CE:ECHR:2017:0718JUD003563514,CASE OF MALAYEVY v. RUSSIA,001-175482
279,ECLI:CE:ECHR:2010:1116JUD000092605,CASE OF TAXQUET v. BELGIUM,001-101739
280,ECLI:CE:ECHR:2010:1109DEC001989104,UNKNOWN (ECLI:CE:ECHR:2010:1109DEC001989104),UNKNOWN (ECLI:CE:ECHR:2010:1109DEC001989104)
281,ECLI:CE:ECHR:2013:1107JUD002938109,CASE OF VALLIANATOS AND OTHERS v. GREECE,001-128294
282,ECLI:CE:ECHR:2000:1114JUD002439694,CASE OF TAŞ v. TURKEY,001-58976
283,ECLI:CE:ECHR:2012:0403DEC002959710,UNKNOWN (ECLI:CE:ECHR:2012:0403DEC002959710),UNKNOWN (ECLI:CE:ECHR:2012:0403DEC002959710)
284,ECLI:CE:ECHR:2012:0424JUD002544606,CASE OF YORDANOVA AND OTHERS v. BULGARIA,001-110449
285,ECLI:CE:ECHR:2015:0721JUD001876611,CASE OF OLIARI AND OTHERS v. ITALY,001-156265
286,ECLI:CE:ECHR:2008:0603JUD001429404,UNKNOWN (ECLI:CE:ECHR:2008:0603JUD001429404),UNKNOWN (ECLI:CE:ECHR:2008:0603JUD001429404)
287,ECLI:CE:ECHR:1995:0505JUD001846591,UNKNOWN (ECLI:CE:ECHR:1995:0505JUD001846591),UNKNOWN (ECLI:CE:ECHR:1995:0505JUD001846591)
288,ECLI:CE:ECHR:2017:0711DEC003908410,UNKNOWN (ECLI:CE:ECHR:2017:0711DEC003908410),UNKNOWN (ECLI:CE:ECHR:2017:0711DEC003908410)
289,ECLI:CE:ECHR:2004:0420JUD002829895,CASE OF BULDAN v. TURKEY,001-61711
290,ECLI:CE:ECHR:2016:0920DEC000254514,UNKNOWN (ECLI:CE:ECHR:2016:0920DEC000254514),UNKNOWN (ECLI:CE:ECHR:2016:0920DEC000254514)
291,ECLI:CE:ECHR:1986:0221JUD000879379,CASE OF JAMES AND OTHERS v. THE UNITED KINGDOM,001-57507
292,ECLI:CE:ECHR:2012:0403JUD005452200,CASE OF KOTOV v. RUSSIA,001-110023
293,ECLI:CE:ECHR:2004:0527JUD000841502,UNKNOWN (ECLI:CE:ECHR:2004:0527JUD000841502),UNKNOWN (ECLI:CE:ECHR:2004:0527JUD000841502)
294,ECLI:CE:ECHR:2001:0118JUD002487694,CASE OF COSTER v. THE UNITED KINGDOM,001-59156
295,ECLI:CE:ECHR:2001:0118JUD002515494,CASE OF JANE SMITH v. THE UNITED KINGDOM,001-59158
296,ECLI:CE:ECHR:2010:1019JUD007157201,CASE OF BAZJAKS v. LATVIA,001-101223
297,ECLI:CE:ECHR:2007:1022JUD002127902,"CASE OF LINDON, OTCHAKOVSKY-LAURENS AND JULY v. FRANCE",001-82846
298,ECLI:CE:ECHR:1986:1218JUD000969782,CASE OF JOHNSTON AND OTHERS v. IRELAND,001-57508
299,ECLI:CE:ECHR:2004:1130JUD004893999,CASE OF ÖNERYILDIZ v. TURKEY,001-67614
300,ECLI:CE:ECHR:1995:1120JUD001958992,CASE OF BRITISH-AMERICAN TOBACCO COMPANY LTD v. THE NETHERLANDS,001-57953
301,ECLI:CE:ECHR:2008:0612JUD007112701,CASE OF BEVACQUA AND S. v. BULGARIA,001-86875
302,ECLI:CE:ECHR:2002:0710DEC003979498,UNKNOWN (ECLI:CE:ECHR:2002:0710DEC003979498),UNKNOWN (ECLI:CE:ECHR:2002:0710DEC003979498)
303,ECLI:CE:ECHR:1986:1124JUD000906380,CASE OF GILLOW v. THE UNITED KINGDOM,001-57493
304,ECLI:CE:ECHR:1996:0515DEC002837095,UNKNOWN (ECLI:CE:ECHR:1996:0515DEC002837095),UNKNOWN (ECLI:CE:ECHR:1996:0515DEC002837095)
305,ECLI:CE:ECHR:2005:1020JUD006988901,CASE OF GROSHEV v. RUSSIA,001-70727
306,ECLI:CE:ECHR:2015:0616JUD004016706,CASE OF SARGSYAN v. AZERBAIJAN,001-155662
307,ECLI:CE:ECHR:2001:0130DEC004043598,UNKNOWN (ECLI:CE:ECHR:2001:0130DEC004043598),UNKNOWN (ECLI:CE:ECHR:2001:0130DEC004043598)
308,ECLI:CE:ECHR:2007:0301JUD007296701,CASE OF BELEVITSKIY v. RUSSIA,001-79648
309,ECLI:CE:ECHR:2011:0524JUD002491605,CASE OF FLORIN IONESCU v. ROMANIA,001-104845
310,ECLI:CE:ECHR:2007:0116DEC003779405,UNKNOWN (ECLI:CE:ECHR:2007:0116DEC003779405),UNKNOWN (ECLI:CE:ECHR:2007:0116DEC003779405)
311,ECLI:CE:ECHR:1999:0708JUD002376394,CASE OF TANRIKULU v. TURKEY,001-58289
312,ECLI:CE:ECHR:2015:0423JUD002936910,CASE OF MORICE v. FRANCE,001-154265
313,ECLI:CE:ECHR:2015:0428JUD000685811,CASE OF DELIJORGJI v. ALBANIA,001-153924
314,ECLI:CE:ECHR:2001:0522JUD003332596,UNKNOWN (ECLI:CE:ECHR:2001:0522JUD003332596),UNKNOWN (ECLI:CE:ECHR:2001:0522JUD003332596)
315,ECLI:CE:ECHR:2008:0717JUD007782201,UNKNOWN (ECLI:CE:ECHR:2008:0717JUD007782201),UNKNOWN (ECLI:CE:ECHR:2008:0717JUD007782201)
316,ECLI:CE:ECHR:2001:0419JUD002852495,CASE OF PEERS v. GREECE,001-59413
317,ECLI:CE:ECHR:2012:0529JUD004215009,CASE OF BJEDOV v. CROATIA,001-110953
318,ECLI:CE:ECHR:2007:0927JUD002802503,CASE OF KOLONA v. CYPRUS,001-82449
319,ECLI:CE:ECHR:2009:1015JUD001705606,CASE OF MICALLEF v. MALTA,001-95031
320,ECLI:CE:ECHR:2018:0111JUD001061316,CASE OF SHARXHI AND OTHERS v. ALBANIA,001-179867
321,ECLI:CE:ECHR:2014:0128JUD003581009,CASE OF O'KEEFFE v. IRELAND,001-140235
322,ECLI:CE:ECHR:2009:0915JUD004704506,CASE OF AMATO GAUCI v. MALTA,001-93959
323,ECLI:CE:ECHR:2002:0416JUD003797197,CASE OF STES COLAS EST AND OTHERS v. FRANCE,001-60431
324,ECLI:CE:ECHR:2019:0625JUD007052010,UNKNOWN (ECLI:CE:ECHR:2019:0625JUD007052010),UNKNOWN (ECLI:CE:ECHR:2019:0625JUD007052010)
325,ECLI:CE:ECHR:2018:1106DEC007620216,UNKNOWN (ECLI:CE:ECHR:2018:1106DEC007620216),UNKNOWN (ECLI:CE:ECHR:2018:1106DEC007620216)
326,ECLI:CE:ECHR:2018:0626DEC002984313,UNKNOWN (ECLI:CE:ECHR:2018:0626DEC002984313),UNKNOWN (ECLI:CE:ECHR:2018:0626DEC002984313)
327,ECLI:CE:ECHR:2006:0601DEC004359998,UNKNOWN (ECLI:CE:ECHR:2006:0601DEC004359998),UNKNOWN (ECLI:CE:ECHR:2006:0601DEC004359998)
328,ECLI:CE:ECHR:2009:0115JUD002826106,CASE OF ĆOSIĆ v. CROATIA,001-90627
329,ECLI:CE:ECHR:2000:1123JUD002570194,CASE OF THE FORMER KING OF GREECE AND OTHERS v. GREECE,001-59051
330,ECLI:CE:ECHR:2003:0624JUD004427798,CASE OF STRETCH v. THE UNITED KINGDOM,001-61173
331,ECLI:CE:ECHR:2002:0711JUD003659097,CASE OF GÖÇ v. TURKEY,001-60597
332,ECLI:CE:ECHR:2005:1215JUD007379701,CASE OF KYPRIANOU v. CYPRUS,001-71671
333,ECLI:CE:ECHR:1987:0708JUD000974982,CASE OF W. v. THE UNITED KINGDOM,001-57600
334,ECLI:CE:ECHR:2007:0731JUD003873604,CASE OF FC MRETEBI v. GEORGIA,001-81996
335,ECLI:CE:ECHR:2001:0504JUD002888395,CASE OF McKERR v. THE UNITED KINGDOM,001-59451
336,ECLI:CE:ECHR:2016:0112JUD004213908,CASE OF BUTERLEVIČIŪTĖ v. LITHUANIA,001-159885
337,ECLI:CE:ECHR:1990:1212DEC001475189,UNKNOWN (ECLI:CE:ECHR:1990:1212DEC001475189),UNKNOWN (ECLI:CE:ECHR:1990:1212DEC001475189)
338,ECLI:CE:ECHR:2000:0530DEC002851795,UNKNOWN (ECLI:CE:ECHR:2000:0530DEC002851795),UNKNOWN (ECLI:CE:ECHR:2000:0530DEC002851795)
339,ECLI:CE:ECHR:1995:0927JUD001898491,CASE OF McCANN AND OTHERS v. THE UNITED KINGDOM,001-57943
340,ECLI:CE:ECHR:1994:0613JUD001058883,UNKNOWN (ECLI:CE:ECHR:1994:0613JUD001058883),UNKNOWN (ECLI:CE:ECHR:1994:0613JUD001058883)
341,ECLI:CE:ECHR:1993:0624JUD001451889,CASE OF SCHULER-ZGRAGGEN v. SWITZERLAND,001-57840
342,ECLI:CE:ECHR:2007:0830JUD004430202,CASE OF J.A. PYE (OXFORD) LTD AND J.A. PYE (OXFORD) LAND LTD v. THE UNITED KINGDOM,001-82172
343,ECLI:CE:ECHR:2013:1112DEC002670402,UNKNOWN (ECLI:CE:ECHR:2013:1112DEC002670402),UNKNOWN (ECLI:CE:ECHR:2013:1112DEC002670402)
344,ECLI:CE:ECHR:2004:0226JUD007154901,CASE OF CVIJETIC v. CROATIA,001-61647
345,ECLI:CE:ECHR:2012:1120JUD005868811,CASE OF HARABIN v. SLOVAKIA,001-114666
346,ECLI:CE:ECHR:2011:0517DEC004601407,UNKNOWN (ECLI:CE:ECHR:2011:0517DEC004601407),UNKNOWN (ECLI:CE:ECHR:2011:0517DEC004601407)
347,ECLI:CE:ECHR:2001:0717JUD002565994,CASE OF I. BILGIN v. TURKEY,001-59592
348,ECLI:CE:ECHR:2012:0912JUD001059308,CASE OF NADA v. SWITZERLAND,001-113118
349,ECLI:CE:ECHR:2008:1009JUD001985303,UNKNOWN (ECLI:CE:ECHR:2008:1009JUD001985303),UNKNOWN (ECLI:CE:ECHR:2008:1009JUD001985303)
350,ECLI:CE:ECHR:2014:0701JUD007793811,CASE OF DIMITROV AND OTHERS v. BULGARIA,001-145224
351,ECLI:CE:ECHR:2015:0205JUD002225108,CASE OF BOCHAN v. UKRAINE (No. 2),001-152331
352,ECLI:CE:ECHR:2004:0427JUD006254300,CASE OF GORRAIZ LIZARRAGA AND OTHERS v. SPAIN,001-61731
353,ECLI:CE:ECHR:2000:0406DEC003243896,UNKNOWN (ECLI:CE:ECHR:2000:0406DEC003243896),UNKNOWN (ECLI:CE:ECHR:2000:0406DEC003243896)
354,ECLI:CE:ECHR:2005:1004DEC000445102,UNKNOWN (ECLI:CE:ECHR:2005:1004DEC000445102),UNKNOWN (ECLI:CE:ECHR:2005:1004DEC000445102)
355,ECLI:CE:ECHR:1982:1210JUD000760476,CASE OF FOTI AND OTHERS v. ITALY,001-57489
356,ECLI:CE:ECHR:2012:0424JUD005769310,CASE OF KALUCZA v. HUNGARY,001-110452
357,ECLI:CE:ECHR:2006:0202JUD003324396,CASE OF ŞAYLI v. TURKEY,001-72239
358,ECLI:CE:ECHR:2009:0929JUD003290707,CASE OF GJYLI v. ALBANIA,001-94449
359,ECLI:CE:ECHR:2005:0201JUD004684599,CASE OF INDRA v. SLOVAKIA,001-68114
360,ECLI:CE:ECHR:1998:0730JUD002298593,CASE OF SHEFFIELD AND HORSHAM v. THE UNITED KINGDOM,001-58212
361,ECLI:CE:ECHR:2005:0118DEC005934400,UNKNOWN (ECLI:CE:ECHR:2005:0118DEC005934400),UNKNOWN (ECLI:CE:ECHR:2005:0118DEC005934400)
362,ECLI:CE:ECHR:1997:0910DEC002627295,UNKNOWN (ECLI:CE:ECHR:1997:0910DEC002627295),UNKNOWN (ECLI:CE:ECHR:1997:0910DEC002627295)
363,ECLI:CE:ECHR:1993:0225JUD001266187,CASE OF MIAILHE v. FRANCE (No. 1),001-57811
364,ECLI:CE:ECHR:1999:0927JUD003141796,CASE OF LUSTIG-PREAN AND BECKETT v. THE UNITED KINGDOM,001-58407
365,ECLI:CE:ECHR:2012:1211JUD003136010,UNKNOWN (ECLI:CE:ECHR:2012:1211JUD003136010),UNKNOWN (ECLI:CE:ECHR:2012:1211JUD003136010)
366,ECLI:CE:ECHR:2007:0524JUD003271802,CASE OF TULESHOV AND OTHERS v. RUSSIA,001-80619
367,ECLI:CE:ECHR:2006:0706JUD000819602,CASE OF SALAH v. THE NETHERLANDS,001-76256
368,ECLI:CE:ECHR:2008:0919JUD000917402,CASE OF KORBELY v. HUNGARY,001-88429
369,ECLI:CE:ECHR:2008:0612JUD000083703,CASE OF SUBBOTKIN v. RUSSIA,001-86949
370,ECLI:CE:ECHR:2008:1218JUD003994806,CASE OF SAVINY v. UKRAINE,001-90360
371,ECLI:CE:ECHR:2005:0630JUD004672099,CASE OF JAHN AND OTHERS v. GERMANY,001-69560
372,ECLI:CE:ECHR:2000:0711JUD002086992,CASE OF DIKME v. TURKEY,001-58751
373,ECLI:CE:ECHR:2017:0314JUD006661010,CASE OF YEVGENIY ZAKHAROV v. RUSSIA,001-172073
374,ECLI:CE:ECHR:2006:0126JUD007761701,CASE OF MIKHEYEV v. RUSSIA,001-72166
375,ECLI:CE:ECHR:2009:0324JUD002191103,CASE OF TUDOR TUDOR v. ROMANIA,001-91885
376,ECLI:CE:ECHR:1993:0922JUD001547389,CASE OF KLAAS v. GERMANY,001-57826
377,ECLI:CE:ECHR:1980:1106JUD000765476,UNKNOWN (ECLI:CE:ECHR:1980:1106JUD000765476),UNKNOWN (ECLI:CE:ECHR:1980:1106JUD000765476)
378,ECLI:CE:ECHR:2006:0608JUD001033704,CASE OF LUPSA v. ROMANIA,001-75688
379,ECLI:CE:ECHR:2018:0717JUD006124015,CASE OF PYLAYEVY v. RUSSIA,001-184674
380,ECLI:CE:ECHR:2013:0530JUD002172403,CASE OF OOO 'VESTI'  AND UKHOV v. RUSSIA,001-119969
381,ECLI:CE:ECHR:2015:0310JUD000437405,CASE OF HALIL ADEM HASAN v. BULGARIA,001-152777
382,ECLI:CE:ECHR:2021:0323JUD003636614,CASE OF GHAILAN AND OTHERS v. SPAIN,001-208751
383,ECLI:CE:ECHR:2005:1108JUD000425102,CASE OF SALIBA v. MALTA,001-70875
384,ECLI:CE:ECHR:2010:0512JUD000573003,CASE OF YELDASHEV v. RUSSIA,001-98596
385,ECLI:CE:ECHR:2001:0522DEC002857595,UNKNOWN (ECLI:CE:ECHR:2001:0522DEC002857595),UNKNOWN (ECLI:CE:ECHR:2001:0522DEC002857595)
386,ECLI:CE:ECHR:2000:0731JUD003457897,CASE OF JECIUS v. LITHUANIA,001-58781
387,ECLI:CE:ECHR:2001:0802JUD003771097,CASE OF ELIA SRL v. ITALY,001-59625
388,ECLI:CE:ECHR:2015:0709DEC004221907,UNKNOWN (ECLI:CE:ECHR:2015:0709DEC004221907),UNKNOWN (ECLI:CE:ECHR:2015:0709DEC004221907)
389,ECLI:CE:ECHR:2004:0408JUD002630795,CASE OF TAHSIN ACAR v. TURKEY,001-61698
390,ECLI:CE:ECHR:2013:0122DEC005131410,UNKNOWN (ECLI:CE:ECHR:2013:0122DEC005131410),UNKNOWN (ECLI:CE:ECHR:2013:0122DEC005131410)
391,ECLI:CE:ECHR:2002:1022JUD002473794,UNKNOWN (ECLI:CE:ECHR:2002:1022JUD002473794),UNKNOWN (ECLI:CE:ECHR:2002:1022JUD002473794)
392,ECLI:CE:ECHR:1998:0525JUD002427694,CASE OF KURT v. TURKEY,001-58198
393,ECLI:CE:ECHR:2006:0301JUD005658100,CASE OF SEJDOVIC v. ITALY,001-72629
394,ECLI:CE:ECHR:2016:0830JUD003145412,CASE OF MONTANARO GAUCI AND OTHERS v. MALTA,001-166055
395,ECLI:CE:ECHR:2000:0530DEC002829495,UNKNOWN (ECLI:CE:ECHR:2000:0530DEC002829495),UNKNOWN (ECLI:CE:ECHR:2000:0530DEC002829495)
396,ECLI:CE:ECHR:2012:0724JUD004241810,CASE OF D.J. v. CROATIA,001-112321
397,ECLI:CE:ECHR:2016:0421JUD004657715,CASE OF IVANOVA AND CHERKEZOV v. BULGARIA,001-162117
398,ECLI:CE:ECHR:2000:0627JUD002198693,CASE OF SALMAN v. TURKEY,001-58735
399,ECLI:CE:ECHR:2007:0315JUD004327898,CASE OF VELIKOVI AND OTHERS v. BULGARIA,001-79790
400,ECLI:CE:ECHR:2007:0125JUD002194903,CASE OF ESKI v. AUSTRIA,001-79215
401,ECLI:CE:ECHR:2000:0509JUD002076492,CASE OF ERTAK v. TURKEY,001-59199
402,ECLI:CE:ECHR:2004:0527JUD006674601,CASE OF CONNORS v. THE UNITED KINGDOM,001-61795
403,ECLI:CE:ECHR:1997:0703JUD001361688,UNKNOWN (ECLI:CE:ECHR:1997:0703JUD001361688),UNKNOWN (ECLI:CE:ECHR:1997:0703JUD001361688)
404,ECLI:CE:ECHR:2007:0419JUD006323500,CASE OF VILHO ESKELINEN AND OTHERS v. FINLAND,001-80249
405,ECLI:CE:ECHR:2018:0904DEC005076614,UNKNOWN (ECLI:CE:ECHR:2018:0904DEC005076614),UNKNOWN (ECLI:CE:ECHR:2018:0904DEC005076614)
406,ECLI:CE:ECHR:2018:0327DEC002884807,UNKNOWN (ECLI:CE:ECHR:2018:0327DEC002884807),UNKNOWN (ECLI:CE:ECHR:2018:0327DEC002884807)
407,ECLI:CE:ECHR:2018:0320JUD000531071,UNKNOWN (ECLI:CE:ECHR:2018:0320JUD000531071),UNKNOWN (ECLI:CE:ECHR:2018:0320JUD000531071)
408,ECLI:CE:ECHR:2007:0731JUD000274503,CASE OF RIZHAMADZE v. GEORGIA,001-82055
409,ECLI:CE:ECHR:2008:0131JUD004275204,CASE OF PLEKHOVA v. RUSSIA,001-84846
410,ECLI:CE:ECHR:1997:0710DEC002958396,UNKNOWN (ECLI:CE:ECHR:1997:0710DEC002958396),UNKNOWN (ECLI:CE:ECHR:1997:0710DEC002958396)
411,ECLI:CE:ECHR:2002:1218JUD002495294,CASE OF N.C. v. ITALY,001-60821
412,ECLI:CE:ECHR:1987:0716DEC001082584,UNKNOWN (ECLI:CE:ECHR:1987:0716DEC001082584),UNKNOWN (ECLI:CE:ECHR:1987:0716DEC001082584)
413,ECLI:CE:ECHR:2004:0729JUD005953200,CASE OF BLECIC v. CROATIA,001-61959
414,ECLI:CE:ECHR:1982:0624JUD000790677,CASE OF VAN DROOGENBROECK v. BELGIUM,001-57471
415,ECLI:CE:ECHR:2014:1104JUD000060407,UNKNOWN (ECLI:CE:ECHR:2014:1104JUD000060407),UNKNOWN (ECLI:CE:ECHR:2014:1104JUD000060407)
416,ECLI:CE:ECHR:2007:1106JUD003077904,CASE OF PATSURIA v. GEORGIA,001-83070
417,ECLI:CE:ECHR:2004:0217JUD002576094,CASE OF İPEK v. TURKEY,001-61636
418,ECLI:CE:ECHR:2013:1107JUD000449407,CASE OF BELOUSOV v. UKRAINE,001-127813
419,ECLI:CE:ECHR:2002:0711JUD002895795,CASE OF CHRISTINE GOODWIN v. THE UNITED KINGDOM,001-60596
420,ECLI:CE:ECHR:2007:0115JUD006065400,CASE OF SISOJEVA AND OTHERS v. LATVIA,001-79022
421,ECLI:CE:ECHR:1988:1129JUD001120984,CASE OF BROGAN AND OTHERS v. THE UNITED KINGDOM,001-57450
422,ECLI:CE:ECHR:2005:0726JUD007331601,CASE OF SILIADIN v. FRANCE,001-69891
423,ECLI:CE:ECHR:1998:1028JUD002345294,CASE OF OSMAN v. THE UNITED KINGDOM,001-58257
424,ECLI:CE:ECHR:1986:0708JUD000900680,CASE OF LITHGOW AND OTHERS v. THE UNITED KINGDOM,001-57526
425,ECLI:CE:ECHR:2010:0910JUD003133306,CASE OF McFARLANE v. IRELAND,001-100413
426,ECLI:CE:ECHR:2020:0903JUD001749619,CASE OF LEVCHUK v. UKRAINE,001-203931
427,ECLI:CE:ECHR:2005:0113JUD000512403,CASE OF GIZZATOVA v. RUSSIA,001-67950
428,ECLI:CE:ECHR:2007:0215JUD004385498,CASE OF SOYLU v. TURKEY,001-79488
429,ECLI:CE:ECHR:1987:0825JUD001030083,CASE OF NÖLKENBOCKHOFF v. GERMANY,001-57546
430,ECLI:CE:ECHR:2016:0609JUD004416414,CASE OF MADAUS v. GERMANY,001-163443
431,ECLI:CE:ECHR:2017:0523JUD004964509,CASE OF BĂLȘAN v. ROMANIA,001-173619
432,ECLI:CE:ECHR:2011:1018JUD001317503,UNKNOWN (ECLI:CE:ECHR:2011:1018JUD001317503),UNKNOWN (ECLI:CE:ECHR:2011:1018JUD001317503)
433,ECLI:CE:ECHR:1999:1221JUD003329096,CASE OF SALGUEIRO DA SILVA MOUTA v. PORTUGAL,001-58404
434,ECLI:CE:ECHR:1994:0921JUD001710190,CASE OF FAYED v. THE UNITED KINGDOM,001-57890
435,ECLI:CE:ECHR:2004:0330JUD005398400,CASE OF RADIO FRANCE AND OTHERS v. FRANCE,001-61686
436,ECLI:CE:ECHR:2008:0731JUD001315104,CASE OF PROTSENKO v. RUSSIA,001-87892
437,ECLI:CE:ECHR:2007:1127JUD007425801,CASE OF URBARSKA OBEC TRENCIANSKE BISKUPICE  v. SLOVAKIA,001-83456
438,ECLI:CE:ECHR:2003:0213JUD004232698,CASE OF ODIEVRE v. FRANCE,001-60935
439,ECLI:CE:ECHR:2020:0317JUD004419914,CASE OF DZAUROVA v. RUSSIA,001-201756
440,ECLI:CE:ECHR:2007:0927JUD000630105,CASE OF THE ESTATE OF NITSCHKE v. SWEDEN,001-82425
441,ECLI:CE:ECHR:2016:1020JUD003400007,CASE OF VINNIYCHUK v. UKRAINE,001-167557
442,ECLI:CE:ECHR:2014:1014JUD003110206,CASE OF PAPLAUSKIENĖ v. LITHUANIA,001-147012
443,ECLI:CE:ECHR:2003:0717JUD003219096,CASE OF LUORDO v. ITALY,001-61231
444,ECLI:CE:ECHR:2017:0216JUD001898606,CASE OF KARAKUTSYA v. UKRAINE,001-171475
445,ECLI:CE:ECHR:2013:0924DEC003167311,UNKNOWN (ECLI:CE:ECHR:2013:0924DEC003167311),UNKNOWN (ECLI:CE:ECHR:2013:0924DEC003167311)
446,ECLI:CE:ECHR:2000:0613JUD002353194,CASE OF TIMURTAS v. TURKEY,001-58901
447,ECLI:CE:ECHR:2007:0531JUD000751004,CASE OF KONTROVA v. SLOVAKIA,001-80696
448,ECLI:CE:ECHR:2017:1121JUD004705611,CASE OF PANYUSHKINY v. RUSSIA,001-178747
449,ECLI:CE:ECHR:1990:0328JUD001089084,CASE OF GROPPERA RADIO AG AND OTHERS v. SWITZERLAND,001-57623
450,ECLI:CE:ECHR:2002:0711JUD005681100,CASE OF AMROLLAHI v. DENMARK,001-60605
451,ECLI:CE:ECHR:2000:0713JUD002573594,CASE OF ELSHOLZ v. GERMANY,001-58763
452,ECLI:CE:ECHR:1996:0916JUD002189393,CASE OF AKDİVAR AND OTHERS v. TURKEY,001-58062
453,ECLI:CE:ECHR:1996:0423JUD001683990,CASE OF REMLI v. FRANCE,001-57983
454,ECLI:CE:ECHR:1996:0916JUD001577789,"CASE OF MATOS E SILVA, LDA., AND OTHERS v. PORTUGAL",001-58063
455,ECLI:CE:ECHR:2002:0911DEC005722000,UNKNOWN (ECLI:CE:ECHR:2002:0911DEC005722000),UNKNOWN (ECLI:CE:ECHR:2002:0911DEC005722000)
456,ECLI:CE:ECHR:1999:0728JUD002580394,CASE OF SELMOUNI v. FRANCE,001-58287
457,ECLI:CE:ECHR:2007:0510JUD003741097,UNKNOWN (ECLI:CE:ECHR:2007:0510JUD003741097),UNKNOWN (ECLI:CE:ECHR:2007:0510JUD003741097)
458,ECLI:CE:ECHR:2006:0329JUD003681397,CASE OF SCORDINO v. ITALY (No. 1),001-72925
459,ECLI:CE:ECHR:2019:0709JUD004126117,CASE OF VOLODINA v. RUSSIA,001-194321
460,ECLI:CE:ECHR:2006:1212JUD006232400,CASE OF DEPA v. POLAND,001-78429
461,ECLI:CE:ECHR:1994:1027JUD001853591,CASE OF KROON AND OTHERS v. THE NETHERLANDS,001-57904
462,ECLI:CE:ECHR:2004:0406JUD002168993,CASE OF AHMET ÖZKAN AND OTHERS v. TURKEY,001-61696
463,ECLI:CE:ECHR:2016:1122DEC003332015,UNKNOWN (ECLI:CE:ECHR:2016:1122DEC003332015),UNKNOWN (ECLI:CE:ECHR:2016:1122DEC003332015)
464,ECLI:CE:ECHR:1976:0206JUD000561472,CASE OF SWEDISH ENGINE DRIVERS' UNION v. SWEDEN,001-57527
465,ECLI:CE:ECHR:2008:1002DEC004360305,UNKNOWN (ECLI:CE:ECHR:2008:1002DEC004360305),UNKNOWN (ECLI:CE:ECHR:2008:1002DEC004360305)
466,ECLI:CE:ECHR:2007:0717JUD001737302,CASE OF ROSINSKI v. POLAND,001-81737
467,ECLI:CE:ECHR:2005:0712JUD004113898,CASE OF MOLDOVAN AND OTHERS  v. ROMANIA (No. 2),001-69670
468,ECLI:CE:ECHR:2009:1022JUD000357206,CASE OF PAULIC v. CROATIA,001-95327
469,ECLI:CE:ECHR:2009:0609JUD003340102,CASE OF OPUZ v. TURKEY,001-92945
470,ECLI:CE:ECHR:2013:0326JUD003323407,CASE OF VALIULIENĖ v. LITHUANIA,001-117636
471,ECLI:CE:ECHR:1989:0622JUD001117984,CASE OF LANGBORGER v. SWEDEN,001-57515
472,ECLI:CE:ECHR:2005:0118JUD003621797,CASE OF MENTEŞE AND OTHERS v. TURKEY,001-67984
473,ECLI:CE:ECHR:2016:0322JUD002368213,CASE OF GUBERINA v. CROATIA,001-161530
474,ECLI:CE:ECHR:1981:1022JUD000752576,CASE OF DUDGEON v. THE UNITED KINGDOM,001-57473
475,ECLI:CE:ECHR:2018:1127JUD004456011,CASE OF POPOV AND OTHERS v. RUSSIA,001-187830
476,ECLI:CE:ECHR:2017:0912DEC007504512,UNKNOWN (ECLI:CE:ECHR:2017:0912DEC007504512),UNKNOWN (ECLI:CE:ECHR:2017:0912DEC007504512)
477,ECLI:CE:ECHR:2012:0214JUD003196507,CASE OF HARDY AND MAILE v. THE UNITED KINGDOM,001-109072
478,ECLI:CE:ECHR:2004:0629JUD000880302,CASE OF DOĞAN AND OTHERS v. TURKEY,001-61854
479,ECLI:CE:ECHR:2000:0919DEC003332396,UNKNOWN (ECLI:CE:ECHR:2000:0919DEC003332396),UNKNOWN (ECLI:CE:ECHR:2000:0919DEC003332396)
480,ECLI:CE:ECHR:2004:0428JUD005667900,UNKNOWN (ECLI:CE:ECHR:2004:0428JUD005667900),UNKNOWN (ECLI:CE:ECHR:2004:0428JUD005667900)
481,ECLI:CE:ECHR:2002:1105JUD004473098,CASE OF SERGHIDES AND CHRISTOFOROU v. CYPRUS,001-60722
482,ECLI:CE:ECHR:2002:0715JUD004709599,CASE OF KALASHNIKOV v. RUSSIA,001-60606
483,ECLI:CE:ECHR:2003:0731JUD001621990,CASE OF DEMADES v. TURKEY,001-61272
484,ECLI:CE:ECHR:2006:1024JUD001764704,CASE OF EDWARDS v. MALTA,001-77655
485,ECLI:CE:ECHR:2012:0705JUD001572907,CASE OF GLOBA v. UKRAINE,001-111981
486,ECLI:CE:ECHR:1991:0327JUD001224486,"CASE OF FOX, CAMPBELL AND HARTLEY v. THE UNITED KINGDOM (ARTICLE 50)",001-57722
487,ECLI:CE:ECHR:2018:0517JUD001736514,CASE OF SADOVYAK v. UKRAINE,001-182868
488,ECLI:CE:ECHR:2005:0630JUD004503698,CASE OF BOSPHORUS HAVA YOLLARI TURİZM VE TİCARET ANONİM ŞİRKETİ v. IRELAND,001-69564
489,ECLI:CE:ECHR:1983:1208JUD000798477,CASE OF PRETTO AND OTHERS v. ITALY,001-57561
490,ECLI:CE:ECHR:2018:0109JUD002554514,CASE OF TUMELIAI v. LITHUANIA,001-179885
491,ECLI:CE:ECHR:2000:0113DEC003239696,UNKNOWN (ECLI:CE:ECHR:2000:0113DEC003239696),UNKNOWN (ECLI:CE:ECHR:2000:0113DEC003239696)
492,ECLI:CE:ECHR:2018:0206JUD006403116,CASE OF VALDGARDT v. RUSSIA,001-180559
493,ECLI:CE:ECHR:2010:0329JUD003404402,CASE OF DEPALLE v. FRANCE,001-97978
494,ECLI:CE:ECHR:2010:0615JUD003555503,UNKNOWN (ECLI:CE:ECHR:2010:0615JUD003555503),UNKNOWN (ECLI:CE:ECHR:2010:0615JUD003555503)
495,ECLI:CE:ECHR:2017:0328DEC007854413,UNKNOWN (ECLI:CE:ECHR:2017:0328DEC007854413),UNKNOWN (ECLI:CE:ECHR:2017:0328DEC007854413)
496,ECLI:CE:ECHR:1989:1025JUD001084284,CASE OF ALLAN JACOBSSON v. SWEDEN (No. 1),001-57423
497,ECLI:CE:ECHR:2001:0726JUD005158599,CASE OF HORVAT v. CROATIA,001-59616
498,ECLI:CE:ECHR:2012:1106DEC000022006,UNKNOWN (ECLI:CE:ECHR:2012:1106DEC000022006),UNKNOWN (ECLI:CE:ECHR:2012:1106DEC000022006)
499,ECLI:CE:ECHR:2009:0623JUD002765105,CASE OF MINASYAN AND SEMERJYAN v. ARMENIA,001-93184
500,ECLI:CE:ECHR:2013:1205JUD006498212,CASE OF ŠKRTIĆ v. CROATIA,001-138603
501,ECLI:CE:ECHR:2008:0527JUD002289305,CASE OF RODIĆ AND OTHERS v. BOSNIA AND HERZEGOVINA,001-86533
502,ECLI:CE:ECHR:2009:0127JUD000170406,CASE OF RAMISHVILI AND KOKHREIDZE v. GEORGIA,001-90941
503,ECLI:CE:ECHR:1999:0325JUD003119596,CASE OF NIKOLOVA v. BULGARIA,001-58228
504,ECLI:CE:ECHR:2011:0201DEC003184510,UNKNOWN (ECLI:CE:ECHR:2011:0201DEC003184510),UNKNOWN (ECLI:CE:ECHR:2011:0201DEC003184510)
505,ECLI:CE:ECHR:2001:0227JUD002570494,CASE OF CICEK v. TURKEY,001-59219
506,ECLI:CE:ECHR:1987:0914JUD000906380,UNKNOWN (ECLI:CE:ECHR:1987:0914JUD000906380),UNKNOWN (ECLI:CE:ECHR:1987:0914JUD000906380)
507,ECLI:CE:ECHR:1998:0401JUD001835791,UNKNOWN (ECLI:CE:ECHR:1998:0401JUD001835791),UNKNOWN (ECLI:CE:ECHR:1998:0401JUD001835791)
508,ECLI:CE:ECHR:2014:0304JUD003607304,CASE OF FAZLI ASLANER v. TURKEY [Extracts],001-141781
509,ECLI:CE:ECHR:2008:1106JUD007401201,CASE OF GAVRIL YOSIFOV v. BULGARIA,001-89386
510,ECLI:CE:ECHR:2011:0920JUD001490204,CASE OF OAO NEFTYANAYA KOMPANIYA YUKOS v. RUSSIA,001-106308
511,ECLI:CE:ECHR:2001:0626DEC003902297,UNKNOWN (ECLI:CE:ECHR:2001:0626DEC003902297),UNKNOWN (ECLI:CE:ECHR:2001:0626DEC003902297)
512,ECLI:CE:ECHR:2003:0522JUD004166698,CASE OF KYRTATOS v. GREECE,001-61099
513,ECLI:CE:ECHR:1997:0319JUD001835791,CASE OF HORNSBY v. GREECE,001-58020
514,ECLI:CE:ECHR:2018:1108JUD000278212,CASE OF NARODNI LIST D.D. v. CROATIA,001-187397
515,ECLI:CE:ECHR:1995:1204JUD001889691,CASE OF RIBITSCH v. AUSTRIA,001-57964
516,ECLI:CE:ECHR:2000:1005JUD003380496,CASE OF MENNITTO v. ITALY,001-58848
517,ECLI:CE:ECHR:1997:1022JUD002189093,CASE OF ERDAGÖZ v. TURKEY,001-58108
518,ECLI:CE:ECHR:2000:0120DEC004850999,UNKNOWN (ECLI:CE:ECHR:2000:0120DEC004850999),UNKNOWN (ECLI:CE:ECHR:2000:0120DEC004850999)
519,ECLI:CE:ECHR:2007:1206JUD003938805,CASE OF MAUMOUSSEAU AND WASHINGTON v. FRANCE,001-83823
520,ECLI:CE:ECHR:1991:0218JUD001203386,CASE OF FREDIN v. SWEDEN (No. 1),001-57651
521,ECLI:CE:ECHR:2006:0329JUD006733501,CASE OF ACHOUR v. FRANCE,001-72927
522,ECLI:CE:ECHR:2013:0725JUD002718304,CASE OF ROUSK v. SWEDEN,001-123422
523,ECLI:CE:ECHR:2006:0202JUD004121198,CASE OF IOVCHEV v. BULGARIA,001-72246
524,ECLI:CE:ECHR:2009:0716JUD004337606,UNKNOWN (ECLI:CE:ECHR:2009:0716JUD004337606),UNKNOWN (ECLI:CE:ECHR:2009:0716JUD004337606)
525,ECLI:CE:ECHR:2004:1026JUD003364696,CASE OF CACAN v. TURKEY,001-67192
526,ECLI:CE:ECHR:2000:1019JUD002778595,CASE OF WLOCH v. POLAND,001-58893
527,ECLI:CE:ECHR:2000:0530DEC003184696,UNKNOWN (ECLI:CE:ECHR:2000:0530DEC003184696),UNKNOWN (ECLI:CE:ECHR:2000:0530DEC003184696)
528,ECLI:CE:ECHR:2001:1009DEC006947101,UNKNOWN (ECLI:CE:ECHR:2001:1009DEC006947101),UNKNOWN (ECLI:CE:ECHR:2001:1009DEC006947101)
529,ECLI:CE:ECHR:2006:0330DEC000204803,UNKNOWN (ECLI:CE:ECHR:2006:0330DEC000204803),UNKNOWN (ECLI:CE:ECHR:2006:0330DEC000204803)
530,ECLI:CE:ECHR:1998:0219JUD001496789,CASE OF GUERRA AND OTHERS v. ITALY,001-58135
531,ECLI:CE:ECHR:2007:0111JUD000194804,CASE OF SALAH SHEEKH v. THE NETHERLANDS,001-78986
532,ECLI:CE:ECHR:2009:0115JUD003350904,CASE OF BURDOV v. RUSSIA (No. 2),001-90671
533,ECLI:CE:ECHR:2014:0930DEC006638710,UNKNOWN (ECLI:CE:ECHR:2014:0930DEC006638710),UNKNOWN (ECLI:CE:ECHR:2014:0930DEC006638710)
534,ECLI:CE:ECHR:2006:1128JUD004076502,CASE OF APOSTOL v. GEORGIA,001-78157
535,ECLI:CE:ECHR:2008:0214JUD003042203,CASE OF PSHENICHNYY v. RUSSIA,001-85105
536,ECLI:CE:ECHR:1983:0325JUD000866079,CASE OF MINELLI v. SWITZERLAND,001-57540
537,ECLI:CE:ECHR:2017:1106JUD004349409,CASE OF GARIB v. THE NETHERLANDS,001-177406
538,ECLI:CE:ECHR:1995:0928JUD001534689,CASE OF MASSON AND VAN ZON v. THE NETHERLANDS,001-57942
539,ECLI:CE:ECHR:2006:0926JUD003534905,CASE OF FLERI SOLER AND CAMILLERI v. MALTA,001-77003
540,ECLI:CE:ECHR:2000:0530DEC003184796,UNKNOWN (ECLI:CE:ECHR:2000:0530DEC003184796),UNKNOWN (ECLI:CE:ECHR:2000:0530DEC003184796)
541,ECLI:CE:ECHR:1998:0224JUD002143993,UNKNOWN (ECLI:CE:ECHR:1998:0224JUD002143993),UNKNOWN (ECLI:CE:ECHR:1998:0224JUD002143993)
542,ECLI:CE:ECHR:2007:0503JUD000863003,CASE OF PROKOPENKO v. RUSSIA,001-80427
543,ECLI:CE:ECHR:2015:0605JUD004604314,CASE OF LAMBERT AND OTHERS v. FRANCE,001-155352
544,ECLI:CE:ECHR:2007:1115JUD001255603,CASE OF PFEIFER v. AUSTRIA,001-83294
545,ECLI:CE:ECHR:2011:0111JUD003831706,CASE OF SILVA BARREIRA JÚNIOR v. PORTUGAL,001-102672
546,ECLI:CE:ECHR:2014:0619JUD003890613,CASE OF TIJARDOVIĆ v. CROATIA,001-144935
547,ECLI:CE:ECHR:2011:0203JUD000657104,CASE OF IGOR VASILCHENKO v. RUSSIA,001-103230
548,ECLI:CE:ECHR:2008:0923DEC005042599,UNKNOWN (ECLI:CE:ECHR:2008:0923DEC005042599),UNKNOWN (ECLI:CE:ECHR:2008:0923DEC005042599)
549,ECLI:CE:ECHR:2001:0130JUD002580194,CASE OF DULAŞ v. TURKEY,001-59161
550,ECLI:CE:ECHR:2001:0626JUD003745397,UNKNOWN (ECLI:CE:ECHR:2001:0626JUD003745397),UNKNOWN (ECLI:CE:ECHR:2001:0626JUD003745397)
551,ECLI:CE:ECHR:1991:0906DEC001465489,UNKNOWN (ECLI:CE:ECHR:1991:0906DEC001465489),UNKNOWN (ECLI:CE:ECHR:1991:0906DEC001465489)
552,ECLI:CE:ECHR:2021:0114JUD005966009,CASE OF CHORNENKO v. UKRAINE,001-207407
553,ECLI:CE:ECHR:2000:0627JUD003284296,CASE OF NUUTINEN v. FINLAND,001-58736
554,ECLI:CE:ECHR:2007:0215JUD003785097,CASE OF AKSAKAL v. TURKEY,001-79486
555,ECLI:CE:ECHR:1995:0928JUD001913391,CASE OF SCOLLO v. ITALY,001-57936
556,ECLI:CE:ECHR:1999:0325JUD003110796,CASE OF IATRIDIS v. GREECE,001-58227
557,ECLI:CE:ECHR:2008:0429JUD001337805,CASE OF BURDEN v. THE UNITED KINGDOM,001-86146
558,ECLI:CE:ECHR:2004:0720JUD004794099,CASE OF BALOGH v. HUNGARY,001-61931
559,ECLI:CE:ECHR:1997:0702DEC003100696,UNKNOWN (ECLI:CE:ECHR:1997:0702DEC003100696),UNKNOWN (ECLI:CE:ECHR:1997:0702DEC003100696)
560,ECLI:CE:ECHR:2007:0918DEC005717600,UNKNOWN (ECLI:CE:ECHR:2007:0918DEC005717600),UNKNOWN (ECLI:CE:ECHR:2007:0918DEC005717600)
561,ECLI:CE:ECHR:2010:0622DEC003916803,UNKNOWN (ECLI:CE:ECHR:2010:0622DEC003916803),UNKNOWN (ECLI:CE:ECHR:2010:0622DEC003916803)
562,ECLI:CE:ECHR:2006:0202JUD003323996,CASE OF ARTUN AND OTHERS v. TURKEY,001-72236
563,ECLI:CE:ECHR:2006:1212JUD001337805,CASE OF BURDEN AND BURDEN v. THE UNITED KINGDOM,001-78427
564,ECLI:CE:ECHR:1998:0424JUD002318494,CASE OF SELÇUK AND ASKER v. TURKEY,001-58162
565,ECLI:CE:ECHR:2005:0315JUD007270101,CASE OF YAKOVLEV v. RUSSIA,001-68516
566,ECLI:CE:ECHR:2005:0301JUD005348799,UNKNOWN (ECLI:CE:ECHR:2005:0301JUD005348799),UNKNOWN (ECLI:CE:ECHR:2005:0301JUD005348799)
567,ECLI:CE:ECHR:2000:1019JUD003110796,UNKNOWN (ECLI:CE:ECHR:2000:1019JUD003110796),UNKNOWN (ECLI:CE:ECHR:2000:1019JUD003110796)
568,ECLI:CE:ECHR:1991:0319JUD001106984,UNKNOWN (ECLI:CE:ECHR:1991:0319JUD001106984),UNKNOWN (ECLI:CE:ECHR:1991:0319JUD001106984)
569,ECLI:CE:ECHR:1998:0728JUD002381894,CASE OF ERGİ v. TURKEY,001-58200
570,ECLI:CE:ECHR:1978:0118JUD000531071,CASE OF IRELAND v. THE UNITED KINGDOM,001-57506
571,ECLI:CE:ECHR:2004:1109JUD002249493,CASE OF HASAN İLHAN v. TURKEY,001-67346
572,ECLI:CE:ECHR:2006:0928DEC003454203,UNKNOWN (ECLI:CE:ECHR:2006:0928DEC003454203),UNKNOWN (ECLI:CE:ECHR:2006:0928DEC003454203)
573,ECLI:CE:ECHR:2011:0210JUD000490904,CASE OF SERYAVIN AND OTHERS v. UKRAINE,001-103279
574,ECLI:CE:ECHR:2014:1113JUD002356605,CASE OF GHASABYAN AND OTHERS v. ARMENIA,001-147868
575,ECLI:CE:ECHR:2017:1003JUD000783915,CASE OF GANEYEVA v. RUSSIA,001-177230
576,ECLI:CE:ECHR:1999:0928JUD002811495,CASE OF DALBAN v. ROMANIA,001-58306
577,ECLI:CE:ECHR:2006:0330DEC006686401,UNKNOWN (ECLI:CE:ECHR:2006:0330DEC006686401),UNKNOWN (ECLI:CE:ECHR:2006:0330DEC006686401)
578,ECLI:CE:ECHR:1995:0223JUD001537589,CASE OF GASUS DOSIER- UND FÖRDERTECHNIK GmbH v. THE NETHERLANDS,001-57918
579,ECLI:CE:ECHR:2000:1116JUD002381994,CASE OF BILGIN v. TURKEY,001-58987
580,ECLI:CE:ECHR:2018:0206JUD003618413,CASE OF KRISTIANA LTD. v. LITHUANIA,001-180555
581,ECLI:CE:ECHR:2008:0612JUD007814601,CASE OF VLASOV v. RUSSIA,001-86877
582,ECLI:CE:ECHR:2002:1205JUD002842295,CASE OF HOPPE v. GERMANY,001-60808
583,ECLI:CE:ECHR:2005:1020DEC002929203,UNKNOWN (ECLI:CE:ECHR:2005:1020DEC002929203),UNKNOWN (ECLI:CE:ECHR:2005:1020DEC002929203)
584,ECLI:CE:ECHR:2010:1014JUD005516408,CASE OF A. v. CROATIA,001-101152
585,ECLI:CE:ECHR:2001:0724JUD004455898,CASE OF VALASINAS v. LITHUANIA,001-59608
586,ECLI:CE:ECHR:1995:0928JUD001286887,CASE OF SPADEA AND SCALABRINO v. ITALY,001-57937
587,ECLI:CE:ECHR:2016:0105DEC001430311,UNKNOWN (ECLI:CE:ECHR:2016:0105DEC001430311),UNKNOWN (ECLI:CE:ECHR:2016:0105DEC001430311)
588,ECLI:CE:ECHR:1961:0111DEC000078860,UNKNOWN (ECLI:CE:ECHR:1961:0111DEC000078860),UNKNOWN (ECLI:CE:ECHR:1961:0111DEC000078860)
589,ECLI:CE:ECHR:2012:1211DEC002742702,UNKNOWN (ECLI:CE:ECHR:2012:1211DEC002742702),UNKNOWN (ECLI:CE:ECHR:2012:1211DEC002742702)
590,ECLI:CE:ECHR:1992:0325JUD001359088,CASE OF CAMPBELL v. THE UNITED KINGDOM,001-57771
591,ECLI:CE:ECHR:1998:1028JUD002476094,CASE OF ASSENOV AND OTHERS v. BULGARIA,001-58261
592,ECLI:CE:ECHR:2019:0409JUD001123609,CASE OF ALTAY v. TURKEY (No. 2),001-192210
593,ECLI:CE:ECHR:1999:0708JUD002365794,CASE OF ÇAKICI v. TURKEY,001-58282
594,ECLI:CE:ECHR:2006:0620JUD001720902,UNKNOWN (ECLI:CE:ECHR:2006:0620JUD001720902),UNKNOWN (ECLI:CE:ECHR:2006:0620JUD001720902)
595,ECLI:CE:ECHR:2010:0325DEC000240806,UNKNOWN (ECLI:CE:ECHR:2010:0325DEC000240806),UNKNOWN (ECLI:CE:ECHR:2010:0325DEC000240806)
596,ECLI:CE:ECHR:2001:0118JUD002528994,CASE OF LEE v. THE UNITED KINGDOM,001-59157
597,ECLI:CE:ECHR:1996:0925JUD002034892,CASE OF BUCKLEY v. THE UNITED KINGDOM,001-58076
598,ECLI:CE:ECHR:2006:0629DEC005493400,UNKNOWN (ECLI:CE:ECHR:2006:0629DEC005493400),UNKNOWN (ECLI:CE:ECHR:2006:0629DEC005493400)
599,ECLI:CE:ECHR:2010:0527JUD001876805,CASE OF SAGHINADZE AND OTHERS v. GEORGIA,001-98885
600,ECLI:CE:ECHR:2009:0918JUD001606490,CASE OF VARNAVA AND OTHERS v. TURKEY,001-94162
601,ECLI:CE:ECHR:2011:1108JUD001896807,CASE OF V.C. v. SLOVAKIA,001-107364
602,ECLI:CE:ECHR:1984:1218JUD000715175,UNKNOWN (ECLI:CE:ECHR:1984:1218JUD000715175),UNKNOWN (ECLI:CE:ECHR:1984:1218JUD000715175)
603,ECLI:CE:ECHR:2009:1027JUD004250905,CASE OF CROMPTON v. THE UNITED KINGDOM,001-95364
604,ECLI:CE:ECHR:2002:0205JUD005156499,CASE OF ČONKA v. BELGIUM,001-60026
605,ECLI:CE:ECHR:1997:1126JUD002387894,CASE OF SAKIK AND OTHERS v. TURKEY,001-58117
606,ECLI:CE:ECHR:1973:0405DEC000557772,UNKNOWN (ECLI:CE:ECHR:1973:0405DEC000557772),UNKNOWN (ECLI:CE:ECHR:1973:0405DEC000557772)
607,ECLI:CE:ECHR:2008:1112JUD003450397,CASE OF DEMİR AND BAYKARA v. TURKEY,001-89558
608,ECLI:CE:ECHR:2009:0716JUD002008202,CASE OF ZEHENTNER v. AUSTRIA,001-93594
609,ECLI:CE:ECHR:2006:0112DEC001888802,UNKNOWN (ECLI:CE:ECHR:2006:0112DEC001888802),UNKNOWN (ECLI:CE:ECHR:2006:0112DEC001888802)
610,ECLI:CE:ECHR:2010:1202JUD003533205,UNKNOWN (ECLI:CE:ECHR:2010:1202JUD003533205),UNKNOWN (ECLI:CE:ECHR:2010:1202JUD003533205)
611,ECLI:CE:ECHR:2000:0328JUD002253593,CASE OF MAHMUT KAYA v. TURKEY,001-58523
612,ECLI:CE:ECHR:1999:0504DEC003644897,UNKNOWN (ECLI:CE:ECHR:1999:0504DEC003644897),UNKNOWN (ECLI:CE:ECHR:1999:0504DEC003644897)
613,ECLI:CE:ECHR:2005:1122DEC001944303,UNKNOWN (ECLI:CE:ECHR:2005:1122DEC001944303),UNKNOWN (ECLI:CE:ECHR:2005:1122DEC001944303)
614,ECLI:CE:ECHR:2007:0215JUD002200003,CASE OF RAYLYAN v. RUSSIA,001-79446
615,ECLI:CE:ECHR:1998:0401JUD002189393,UNKNOWN (ECLI:CE:ECHR:1998:0401JUD002189393),UNKNOWN (ECLI:CE:ECHR:1998:0401JUD002189393)
616,ECLI:CE:ECHR:2002:0618JUD002565694,CASE OF ORHAN v. TURKEY,001-60509
617,ECLI:CE:ECHR:1995:0224JUD001642490,CASE OF McMICHAEL v. THE UNITED KINGDOM,001-57923
618,ECLI:CE:ECHR:2001:0619JUD003404996,CASE OF ZWIERZYNSKI v. POLAND,001-59522
619,ECLI:CE:ECHR:1993:0525JUD001430788,CASE OF KOKKINAKIS v. GREECE,001-57827
620,ECLI:CE:ECHR:2002:0507JUD005949800,CASE OF BURDOV v. RUSSIA,001-60449
621,ECLI:CE:ECHR:2004:1130JUD003509102,CASE OF MYKHAYLENKY AND OTHERS v. UKRAINE,001-67580
622,ECLI:CE:ECHR:2003:0902DEC003324796,UNKNOWN (ECLI:CE:ECHR:2003:0902DEC003324796),UNKNOWN (ECLI:CE:ECHR:2003:0902DEC003324796)
623,ECLI:CE:ECHR:2016:0510DEC000540706,UNKNOWN (ECLI:CE:ECHR:2016:0510DEC000540706),UNKNOWN (ECLI:CE:ECHR:2016:0510DEC000540706)
624,ECLI:CE:ECHR:2012:0724JUD004152610,CASE OF ĐORĐEVIĆ v. CROATIA,001-112322
625,ECLI:CE:ECHR:2007:1108JUD003835505,CASE OF BIONDIC v. CROATIA,001-83153
626,ECLI:CE:ECHR:1989:1219JUD001052283,CASE OF MELLACHER AND OTHERS v. AUSTRIA,001-57616
627,ECLI:CE:ECHR:2011:1206JUD000709710,CASE OF GLADYSHEVA v. RUSSIA,001-107713
628,ECLI:CE:ECHR:2010:0302JUD001310202,CASE OF KOZAK v. POLAND,001-97597
629,ECLI:CE:ECHR:2006:0202JUD003323896,CASE OF KESER AND OTHERS v. TURKEY,001-72234
630,ECLI:CE:ECHR:1997:0709JUD001926392,CASE OF AKKUŞ v. TURKEY,001-58034
631,ECLI:CE:ECHR:2006:0619JUD003501497,CASE OF HUTTEN-CZAPSKA v. POLAND,001-75882
632,ECLI:CE:ECHR:2017:0404DEC006394509,UNKNOWN (ECLI:CE:ECHR:2017:0404DEC006394509),UNKNOWN (ECLI:CE:ECHR:2017:0404DEC006394509)
633,ECLI:CE:ECHR:2002:0521JUD002885695,CASE OF JOKELA v. FINLAND,001-60466
634,ECLI:CE:ECHR:1995:1120JUD001784991,CASE OF PRESSOS COMPANIA NAVIERA S.A. AND OTHERS v. BELGIUM,001-58056
635,ECLI:CE:ECHR:2004:0323DEC003621797,UNKNOWN (ECLI:CE:ECHR:2004:0323DEC003621797),UNKNOWN (ECLI:CE:ECHR:2004:0323DEC003621797)
636,ECLI:CE:ECHR:2007:1127JUD002186103,CASE OF HAMER v. BELGIUM [Extracts],001-83537
637,ECLI:CE:ECHR:2007:1115JUD007211801,CASE OF KHAMIDOV v. RUSSIA,001-83273
638,ECLI:CE:ECHR:1987:0423JUD000981682,UNKNOWN (ECLI:CE:ECHR:1987:0423JUD000981682),UNKNOWN (ECLI:CE:ECHR:1987:0423JUD000981682)
639,ECLI:CE:ECHR:2012:0403JUD003757504,CASE OF BOULOIS v. LUXEMBOURG,001-110164
640,ECLI:CE:ECHR:1987:0423JUD000961681,UNKNOWN (ECLI:CE:ECHR:1987:0423JUD000961681),UNKNOWN (ECLI:CE:ECHR:1987:0423JUD000961681)
641,ECLI:CE:ECHR:1986:0507REP000965982,UNKNOWN (ECLI:CE:ECHR:1986:0507REP000965982),UNKNOWN (ECLI:CE:ECHR:1986:0507REP000965982)
642,ECLI:CE:ECHR:1995:0608JUD001641990,UNKNOWN (ECLI:CE:ECHR:1995:0608JUD001641990),UNKNOWN (ECLI:CE:ECHR:1995:0608JUD001641990)
643,ECLI:CE:ECHR:2001:0712JUD002570294,CASE OF K. AND T. v. FINLAND,001-59587
644,ECLI:CE:ECHR:2000:1005JUD003136596,CASE OF VARBANOV v. BULGARIA,001-58842
645,ECLI:CE:ECHR:2001:0118JUD002488294,CASE OF BEARD v. THE UNITED KINGDOM,001-59155
646,ECLI:CE:ECHR:2011:0707JUD003976605,CASE OF SERKOV v. UKRAINE,001-105536
647,ECLI:CE:ECHR:2000:0530DEC003184896,UNKNOWN (ECLI:CE:ECHR:2000:0530DEC003184896),UNKNOWN (ECLI:CE:ECHR:2000:0530DEC003184896)
648,ECLI:CE:ECHR:2010:1104JUD004358604,CASE OF ANGELOV AND OTHERS v. BULGARIA,001-101552
649,ECLI:CE:ECHR:2018:0626DEC003923407,UNKNOWN (ECLI:CE:ECHR:2018:0626DEC003923407),UNKNOWN (ECLI:CE:ECHR:2018:0626DEC003923407)
650,ECLI:CE:ECHR:2004:1116JUD004167398,CASE OF BRUNCRONA v. FINLAND,001-67454
651,ECLI:CE:ECHR:2016:1020JUD000733413,CASE OF MURŠIĆ v. CROATIA,001-167483
652,ECLI:CE:ECHR:2001:0118JUD002723895,CASE OF CHAPMAN v. THE UNITED KINGDOM,001-59154
653,ECLI:CE:ECHR:1984:1026JUD000869279,UNKNOWN (ECLI:CE:ECHR:1984:1026JUD000869279),UNKNOWN (ECLI:CE:ECHR:1984:1026JUD000869279)
654,ECLI:CE:ECHR:2019:1001DEC001640116,UNKNOWN (ECLI:CE:ECHR:2019:1001DEC001640116),UNKNOWN (ECLI:CE:ECHR:2019:1001DEC001640116)
655,ECLI:CE:ECHR:2009:1222JUD002799606,CASE OF SEJDIĆ AND FINCI v. BOSNIA AND HERZEGOVINA,001-96491
656,ECLI:CE:ECHR:2003:0902DEC003324396,UNKNOWN (ECLI:CE:ECHR:2003:0902DEC003324396),UNKNOWN (ECLI:CE:ECHR:2003:0902DEC003324396)
657,ECLI:CE:ECHR:2003:0708JUD003602297,CASE OF HATTON AND OTHERS v. THE UNITED KINGDOM,001-61188
658,ECLI:CE:ECHR:1997:0221JUD002006092,CASE OF VAN RAALTE v. THE NETHERLANDS,001-58031
659,ECLI:CE:ECHR:2006:0202JUD003324796,CASE OF ÖZTOPRAK AND OTHERS v. TURKEY,001-72240
660,ECLI:CE:ECHR:2007:1009JUD000720502,CASE OF STANKOVA v. SLOVAKIA,001-82597
661,ECLI:CE:ECHR:2017:0124JUD002535812,CASE OF PARADISO AND CAMPANELLI v. ITALY,001-170359
662,ECLI:CE:ECHR:2002:1217JUD003537397,CASE OF A. v. THE UNITED KINGDOM,001-60822
663,ECLI:CE:ECHR:1999:0429JUD002508894,CASE OF CHASSAGNOU AND OTHERS v. FRANCE,001-58288
664,ECLI:CE:ECHR:2006:0919DEC004532099,UNKNOWN (ECLI:CE:ECHR:2006:0919DEC004532099),UNKNOWN (ECLI:CE:ECHR:2006:0919DEC004532099)
665,ECLI:CE:ECHR:2006:0516DEC000517203,UNKNOWN (ECLI:CE:ECHR:2006:0516DEC000517203),UNKNOWN (ECLI:CE:ECHR:2006:0516DEC000517203)
666,ECLI:CE:ECHR:2011:0210JUD003049903,CASE OF DUBETSKA AND OTHERS v. UKRAINE,001-103273
667,ECLI:CE:ECHR:2001:0410JUD002612995,CASE OF TANLI v. TURKEY,001-59372
668,ECLI:CE:ECHR:2012:0306JUD002356307,CASE OF GAGLIANO GIORGI v. ITALY [Extracts],001-109335
669,ECLI:CE:ECHR:1998:0609JUD002249693,CASE OF TEKİN v. TURKEY,001-58196
670,ECLI:CE:ECHR:1994:1209JUD001309287,CASE OF THE HOLY MONASTERIES v. GREECE,001-57906
671,ECLI:CE:ECHR:2010:0921JUD003734106,CASE OF KAY AND OTHERS v. THE UNITED KINGDOM,001-100508
672,ECLI:CE:ECHR:2012:0607JUD003843309,CASE OF CENTRO EUROPA 7 S.R.L. AND DI STEFANO v. ITALY,001-111399
673,ECLI:CE:ECHR:2000:0105JUD003320296,CASE OF BEYELER v. ITALY,001-58832
674,ECLI:CE:ECHR:1993:0920JUD001341687,CASE OF PARDO v. FRANCE,001-57837
675,ECLI:CE:ECHR:2006:1102JUD005990900,CASE OF GIACOMELLI v. ITALY,001-77785
676,ECLI:CE:ECHR:1997:1216JUD002097292,CASE OF RANINEN v. FINLAND,001-58123
677,ECLI:CE:ECHR:2012:0612JUD001322108,CASE OF LINDHEIM AND OTHERS v. NORWAY,001-111420
678,ECLI:CE:ECHR:2012:0216JUD000908904,CASE OF KONTSEVYCH v. UKRAINE,001-109119
679,ECLI:CE:ECHR:1986:1201DEC001194986,UNKNOWN (ECLI:CE:ECHR:1986:1201DEC001194986),UNKNOWN (ECLI:CE:ECHR:1986:1201DEC001194986)
680,ECLI:CE:ECHR:2000:0530DEC003620297,UNKNOWN (ECLI:CE:ECHR:2000:0530DEC003620297),UNKNOWN (ECLI:CE:ECHR:2000:0530DEC003620297)
681,ECLI:CE:ECHR:2003:0724JUD002697395,CASE OF YÖYLER v. TURKEY,001-61264
682,ECLI:CE:ECHR:2008:1106DEC003416206,UNKNOWN (ECLI:CE:ECHR:2008:1106DEC003416206),UNKNOWN (ECLI:CE:ECHR:2008:1106DEC003416206)
683,ECLI:CE:ECHR:1986:0514DEC001171685,UNKNOWN (ECLI:CE:ECHR:1986:0514DEC001171685),UNKNOWN (ECLI:CE:ECHR:1986:0514DEC001171685)
684,ECLI:CE:ECHR:1998:0727JUD002159393,CASE OF GÜLEÇ v. TURKEY,001-58207
685,ECLI:CE:ECHR:2010:0316JUD004218405,CASE OF CARSON AND OTHERS v. THE UNITED KINGDOM,001-97704
686,ECLI:CE:ECHR:2000:0111JUD002981396,"CASE OF ALMEIDA GARRETT, MASCARENHAS FALCAO AND OTHERS v. PORTUGAL",001-58417
687,ECLI:CE:ECHR:2002:1001JUD003764597,CASE OF SAWICKA v. POLAND,001-60653
688,ECLI:CE:ECHR:2015:0219JUD005798011,CASE OF ZHYZITSKYY v. UKRAINE,001-152255
689,ECLI:CE:ECHR:2011:0726JUD001500304,CASE OF LARISA ZOLOTAREVA v. RUSSIA,001-105834
690,ECLI:CE:ECHR:2000:1221JUD003087396,CASE OF EGMEZ v. CYPRUS,001-59100
691,ECLI:CE:ECHR:2004:0420JUD004899599,UNKNOWN (ECLI:CE:ECHR:2004:0420JUD004899599),UNKNOWN (ECLI:CE:ECHR:2004:0420JUD004899599)
692,ECLI:CE:ECHR:2006:1207JUD003111104,CASE OF HUNT v. UKRAINE,001-78410
693,ECLI:CE:ECHR:2018:0619DEC005492715,UNKNOWN (ECLI:CE:ECHR:2018:0619DEC005492715),UNKNOWN (ECLI:CE:ECHR:2018:0619DEC005492715)
694,ECLI:CE:ECHR:2001:0510JUD002894595,CASE OF T.P. AND K.M. v. THE UNITED KINGDOM,001-59456
695,ECLI:CE:ECHR:2001:0130JUD003016096,UNKNOWN (ECLI:CE:ECHR:2001:0130JUD003016096),UNKNOWN (ECLI:CE:ECHR:2001:0130JUD003016096)
696,ECLI:CE:ECHR:1999:0121JUD003054496,CASE OF GARCÍA RUIZ v. SPAIN,001-58907
697,ECLI:CE:ECHR:2002:1024JUD003770397,CASE OF MASTROMATTEO v. ITALY,001-60707
698,ECLI:CE:ECHR:2013:0528JUD000356411,CASE OF EREMIA v. THE REPUBLIC OF MOLDOVA,001-119968
699,ECLI:CE:ECHR:2007:1213JUD003245705,CASE OF GASHI v. CROATIA,001-84005
700,ECLI:CE:ECHR:2006:1005JUD002337702,CASE OF MOKRUSHINA v. RUSSIA,001-77274
701,ECLI:CE:ECHR:2003:0429JUD004067998,CASE OF DANKEVICH v. UKRAINE,001-61062
702,ECLI:CE:ECHR:2016:0830JUD000616913,CASE OF MINDEK v. CROATIA,001-166065
703,ECLI:CE:ECHR:2016:0524DEC002508505,UNKNOWN (ECLI:CE:ECHR:2016:0524DEC002508505),UNKNOWN (ECLI:CE:ECHR:2016:0524DEC002508505)
704,ECLI:CE:ECHR:2013:1112JUD000578608,CASE OF SÖDERMAN v. SWEDEN,001-128043
705,ECLI:CE:ECHR:2016:1220JUD002168211,CASE OF SAGVOLDEN v. NORWAY,001-169957
706,ECLI:CE:ECHR:2015:0127JUD005955208,CASE OF ROHLENA v. THE CZECH REPUBLIC,001-151051
707,ECLI:CE:ECHR:2003:0424JUD002435194,CASE OF AKTAŞ v. TURKEY,001-61055
708,ECLI:CE:ECHR:2004:0916DEC005315799,UNKNOWN (ECLI:CE:ECHR:2004:0916DEC005315799),UNKNOWN (ECLI:CE:ECHR:2004:0916DEC005315799)
709,ECLI:CE:ECHR:2006:1114JUD000692303,CASE OF MELNIC v. MOLDOVA,001-77988
710,ECLI:CE:ECHR:2006:0202JUD003621197,CASE OF KUMRU YILMAZ AND OTHERS v. TURKEY,001-72241
711,ECLI:CE:ECHR:1994:0222JUD001621390,CASE OF BURGHARTZ v. SWITZERLAND,001-57865
712,ECLI:CE:ECHR:2003:0724JUD005285499,CASE OF RYABYKH v. RUSSIA,001-61261
713,ECLI:CE:ECHR:2011:1122JUD000222610,CASE OF FRENDO RANDON AND OTHERS  v. MALTA,001-107539
714,ECLI:CE:ECHR:2014:0930JUD006781010,UNKNOWN (ECLI:CE:ECHR:2014:0930JUD006781010),UNKNOWN (ECLI:CE:ECHR:2014:0930JUD006781010)
715,ECLI:CE:ECHR:2002:1112JUD004612999,CASE OF ZVOLSKÝ AND ZVOLSKÁ v. THE CZECH REPUBLIC,001-60749
716,ECLI:CE:ECHR:1991:0220JUD001188985,CASE OF VERNILLO v. FRANCE,001-57672
717,ECLI:CE:ECHR:2008:0513JUD001900904,CASE OF McCANN v. THE UNITED KINGDOM,001-86233
718,ECLI:CE:ECHR:2008:0708JUD001434005,UNKNOWN (ECLI:CE:ECHR:2008:0708JUD001434005),UNKNOWN (ECLI:CE:ECHR:2008:0708JUD001434005)
719,ECLI:CE:ECHR:2006:0308JUD005953200,UNKNOWN (ECLI:CE:ECHR:2006:0308JUD005953200),UNKNOWN (ECLI:CE:ECHR:2006:0308JUD005953200)
720,ECLI:CE:ECHR:2006:0207DEC000048505,UNKNOWN (ECLI:CE:ECHR:2006:0207DEC000048505),UNKNOWN (ECLI:CE:ECHR:2006:0207DEC000048505)
721,ECLI:CE:ECHR:1999:0927JUD003398596,CASE OF SMITH AND GRADY v. THE UNITED KINGDOM,001-58408
722,ECLI:CE:ECHR:2009:1222JUD005885800,UNKNOWN (ECLI:CE:ECHR:2009:1222JUD005885800),UNKNOWN (ECLI:CE:ECHR:2009:1222JUD005885800)
